發票號碼,項列,日期,公司名稱,統一編號,產品編號,產品品名,單位,數量,單價(含稅),課稅別,銷售金額,營業稅,總計金額(含稅),備註1,備註2,備註3,備註4,備註5,備註6,捐贈愛心碼,載具代碼,載具顯碼,載具隱碼,已經列印註記(Y/N),登錄人
HE38887100,1,2016/5/23,王大明,,BFK0005,優良產品B0005型,個,1,1000,應稅,1000,0,1000,,,,,,,,,,,Y,系統
HE38887101,1,2016/5/23,測試股份有限公司,53670957,BFK0005,優良產品B0005型,個,1,1001,應稅,953,48,1001,,,,,,,,,,,Y,系統
HE38887102,1,2016/5/23,測試股份有限公司,53670957,BFK0005,優良產品B0005型,個,1,1002,應稅,954,48,1002,,,,,,,,,,,Y,系統
HE38887103,1,2016/5/23,測試股份有限公司,53670957,BFK0005,優良產品B0005型,個,1,1003,應稅,955,48,1003,,,,,,,,,,,Y,系統
HE38887104,1,2016/5/23,測試股份有限公司,53670957,BFK0005,優良產品B0005型,個,1,1004,應稅,956,48,1004,,,,,,,,,,,Y,系統
HE38887105,1,2016/5/23,測試股份有限公司,53670957,BFK0005,優良產品B0005型,個,1,1005,應稅,957,48,1005,,,,,,,,,,,Y,系統
HE38887106,1,2016/5/23,測試股份有限公司,53670957,BFK0005,優良產品B0005型,個,1,1006,應稅,958,48,1006,,,,,,,,,,,Y,系統
HE38887107,1,2016/5/23,測試股份有限公司,53670957,BFK0005,優良產品B0005型,個,1,1007,應稅,959,48,1007,,,,,,,,,,,Y,系統
HE38887108,1,2016/5/23,王大明,,BFK0005,優良產品B0005型,個,1,1008,應稅,1008,0,1008,,,,,,,,,,,Y,系統
HE38887109,1,2016/5/23,王大明,,BFK0005,優良產品B0005型,個,1,1009,應稅,1009,0,1009,,,,,,,,,,,Y,系統
HE38887110,1,2016/5/23,王大明,,BFK0005,優良產品B0005型,個,1,1010,應稅,1010,0,1010,,,,,,,,,,,Y,系統
HE38887111,1,2016/5/23,測試股份有限公司,53670957,BFK0005,優良產品B0005型,個,1,1011,應稅,963,48,1011,,,,,,,,,,,Y,系統
HE38887112,1,2016/5/23,王大明,,BFK0005,優良產品B0005型,個,1,1012,應稅,1012,0,1012,,,,,,,,,,,Y,系統
HE38887113,1,2016/5/23,王大明,,BFK0005,優良產品B0005型,個,1,1013,應稅,1013,0,1013,,,,,,,,,,,Y,系統
HE38887114,1,2016/5/23,測試股份有限公司,53670957,BFK0005,優良產品B0005型,個,1,1014,應稅,966,48,1014,,,,,,,,,,,Y,系統
HE38887115,1,2016/5/23,測試股份有限公司,53670957,BFK0005,優良產品B0005型,個,1,1015,應稅,967,48,1015,,,,,,,,,,,Y,系統
HE38887116,1,2016/5/23,測試股份有限公司,53670957,BFK0005,優良產品B0005型,個,1,1016,應稅,968,48,1016,,,,,,,,,,,Y,系統
HE38887117,1,2016/5/23,測試股份有限公司,53670957,BFK0005,優良產品B0005型,個,1,1017,應稅,969,48,1017,,,,,,,,,,,Y,系統
HE38887118,1,2016/5/23,測試股份有限公司,53670957,BFK0005,優良產品B0005型,個,1,1018,應稅,970,48,1018,,,,,,,,,,,Y,系統
HE38887119,1,2016/5/23,測試股份有限公司,53670957,BFK0005,優良產品B0005型,個,1,1019,應稅,970,49,1019,,,,,,,,,,,Y,系統
HE38887120,1,2016/5/23,測試股份有限公司,53670957,BFK0005,優良產品B0005型,個,1,1020,應稅,971,49,1020,,,,,,,,,,,Y,系統
HE38887121,1,2016/5/23,測試股份有限公司,53670957,BFK0005,優良產品B0005型,個,1,1021,應稅,972,49,1021,,,,,,,,,,,Y,系統
HE38887122,1,2016/5/23,測試股份有限公司,53670957,BFK0005,優良產品B0005型,個,1,1022,應稅,973,49,1022,,,,,,,,,,,Y,系統
HE38887123,1,2016/5/23,測試股份有限公司,53670957,BFK0005,優良產品B0005型,個,1,1023,應稅,974,49,1023,,,,,,,,,,,Y,系統
HE38887124,1,2016/5/23,測試股份有限公司,53670957,BFK0005,優良產品B0005型,個,1,1024,應稅,975,49,1024,,,,,,,,,,,Y,系統
HE38887125,1,2016/5/23,測試股份有限公司,53670957,BFK0005,優良產品B0005型,個,1,1025,應稅,976,49,1025,,,,,,,,,,,Y,系統
HE38887126,1,2016/5/23,測試股份有限公司,53670957,BFK0005,優良產品B0005型,個,1,1026,應稅,977,49,1026,,,,,,,,,,,Y,系統
HE38887127,1,2016/5/23,測試股份有限公司,53670957,BFK0005,優良產品B0005型,個,1,1027,應稅,978,49,1027,,,,,,,,,,,Y,系統
HE38887128,1,2016/5/23,測試股份有限公司,53670957,BFK0005,優良產品B0005型,個,1,1028,應稅,979,49,1028,,,,,,,,,,,Y,系統
HE38887129,1,2016/5/23,測試股份有限公司,53670957,BFK0005,優良產品B0005型,個,1,1029,應稅,980,49,1029,,,,,,,,,,,Y,系統
HE38887130,1,2016/5/23,測試股份有限公司,53670957,BFK0005,優良產品B0005型,個,1,1030,應稅,981,49,1030,,,,,,,,,,,Y,系統
HE38887131,1,2016/5/23,測試股份有限公司,53670957,BFK0005,優良產品B0005型,個,1,1031,應稅,982,49,1031,,,,,,,,,,,Y,系統
HE38887132,1,2016/5/23,測試股份有限公司,53670957,BFK0005,優良產品B0005型,個,1,1032,應稅,983,49,1032,,,,,,,,,,,Y,系統
HE38887133,1,2016/5/23,測試股份有限公司,53670957,BFK0005,優良產品B0005型,個,1,1033,應稅,984,49,1033,,,,,,,,,,,Y,系統
HE38887134,1,2016/5/23,測試股份有限公司,53670957,BFK0005,優良產品B0005型,個,1,1034,應稅,985,49,1034,,,,,,,,,,,Y,系統
HE38887135,1,2016/5/23,測試股份有限公司,53670957,BFK0005,優良產品B0005型,個,1,1035,應稅,986,49,1035,,,,,,,,,,,Y,系統
HE38887136,1,2016/5/23,測試股份有限公司,53670957,BFK0005,優良產品B0005型,個,1,1036,應稅,987,49,1036,,,,,,,,,,,Y,系統
HE38887137,1,2016/5/23,測試股份有限公司,53670957,BFK0005,優良產品B0005型,個,1,1037,應稅,988,49,1037,,,,,,,,,,,Y,系統
HE38887138,1,2016/5/23,測試股份有限公司,53670957,BFK0005,優良產品B0005型,個,1,1038,應稅,989,49,1038,,,,,,,,,,,Y,系統
HE38887139,1,2016/5/23,測試股份有限公司,53670957,BFK0005,優良產品B0005型,個,1,1039,應稅,990,49,1039,,,,,,,,,,,Y,系統
HE38887140,1,2016/5/23,測試股份有限公司,53670957,BFK0005,優良產品B0005型,個,1,1040,應稅,990,50,1040,,,,,,,,,,,Y,系統
HE38887141,1,2016/5/23,測試股份有限公司,53670957,BFK0005,優良產品B0005型,個,1,1041,應稅,991,50,1041,,,,,,,,,,,Y,系統
HE38887142,1,2016/5/23,測試股份有限公司,53670957,BFK0005,優良產品B0005型,個,1,1042,應稅,992,50,1042,,,,,,,,,,,Y,系統
HE38887143,1,2016/5/23,測試股份有限公司,53670957,BFK0005,優良產品B0005型,個,1,1043,應稅,993,50,1043,,,,,,,,,,,Y,系統
HE38887144,1,2016/5/23,測試股份有限公司,53670957,BFK0005,優良產品B0005型,個,1,1044,應稅,994,50,1044,,,,,,,,,,,Y,系統
HE38887145,1,2016/5/23,測試股份有限公司,53670957,BFK0005,優良產品B0005型,個,1,1045,應稅,995,50,1045,,,,,,,,,,,Y,系統
HE38887146,1,2016/5/23,測試股份有限公司,53670957,BFK0005,優良產品B0005型,個,1,1046,應稅,996,50,1046,,,,,,,,,,,Y,系統
HE38887147,1,2016/5/23,測試股份有限公司,53670957,BFK0005,優良產品B0005型,個,1,1047,應稅,997,50,1047,,,,,,,,,,,Y,系統
HE38887148,1,2016/5/23,測試股份有限公司,53670957,BFK0005,優良產品B0005型,個,1,1048,應稅,998,50,1048,,,,,,,,,,,Y,系統
HE38887149,1,2016/5/23,測試股份有限公司,53670957,BFK0005,優良產品B0005型,個,1,1049,應稅,999,50,1049,,,,,,,,,,,Y,系統
HE38887150,1,2016/5/23,測試股份有限公司,53670957,BFK0005,優良產品B0005型,個,1,1050,應稅,1000,50,1050,,,,,,,,,,,Y,系統
HE38887151,1,2016/5/23,測試股份有限公司,53670957,BFK0005,優良產品B0005型,個,1,1051,應稅,1001,50,1051,,,,,,,,,,,Y,系統
HE38887152,1,2016/5/23,測試股份有限公司,53670957,BFK0005,優良產品B0005型,個,1,1052,應稅,1002,50,1052,,,,,,,,,,,Y,系統
HE38887153,1,2016/5/23,測試股份有限公司,53670957,BFK0005,優良產品B0005型,個,1,1053,應稅,1003,50,1053,,,,,,,,,,,Y,系統
HE38887154,1,2016/5/23,測試股份有限公司,53670957,BFK0005,優良產品B0005型,個,1,1054,應稅,1004,50,1054,,,,,,,,,,,Y,系統
HE38887155,1,2016/5/23,測試股份有限公司,53670957,BFK0005,優良產品B0005型,個,1,1055,應稅,1005,50,1055,,,,,,,,,,,Y,系統
HE38887156,1,2016/5/23,測試股份有限公司,53670957,BFK0005,優良產品B0005型,個,1,1056,應稅,1006,50,1056,,,,,,,,,,,Y,系統
HE38887157,1,2016/5/23,測試股份有限公司,53670957,BFK0005,優良產品B0005型,個,1,1057,應稅,1007,50,1057,,,,,,,,,,,Y,系統
HE38887158,1,2016/5/23,測試股份有限公司,53670957,BFK0005,優良產品B0005型,個,1,1058,應稅,1008,50,1058,,,,,,,,,,,Y,系統
HE38887159,1,2016/5/23,測試股份有限公司,53670957,BFK0005,優良產品B0005型,個,1,1059,應稅,1009,50,1059,,,,,,,,,,,Y,系統
HE38887160,1,2016/5/23,測試股份有限公司,53670957,BFK0005,優良產品B0005型,個,1,1060,應稅,1010,50,1060,,,,,,,,,,,Y,系統
HE38887161,1,2016/5/23,測試股份有限公司,53670957,BFK0005,優良產品B0005型,個,1,1061,應稅,1010,51,1061,,,,,,,,,,,Y,系統
HE38887162,1,2016/5/23,測試股份有限公司,53670957,BFK0005,優良產品B0005型,個,1,1062,應稅,1011,51,1062,,,,,,,,,,,Y,系統
HE38887163,1,2016/5/23,測試股份有限公司,53670957,BFK0005,優良產品B0005型,個,1,1063,應稅,1012,51,1063,,,,,,,,,,,Y,系統
HE38887164,1,2016/5/23,測試股份有限公司,53670957,BFK0005,優良產品B0005型,個,1,1064,應稅,1013,51,1064,,,,,,,,,,,Y,系統
HE38887165,1,2016/5/23,測試股份有限公司,53670957,BFK0005,優良產品B0005型,個,1,1065,應稅,1014,51,1065,,,,,,,,,,,Y,系統
HE38887166,1,2016/5/23,測試股份有限公司,53670957,BFK0005,優良產品B0005型,個,1,1066,應稅,1015,51,1066,,,,,,,,,,,Y,系統
HE38887167,1,2016/5/23,測試股份有限公司,53670957,BFK0005,優良產品B0005型,個,1,1067,應稅,1016,51,1067,,,,,,,,,,,Y,系統
HE38887168,1,2016/5/23,測試股份有限公司,53670957,BFK0005,優良產品B0005型,個,1,1068,應稅,1017,51,1068,,,,,,,,,,,Y,系統
HE38887169,1,2016/5/23,測試股份有限公司,53670957,BFK0005,優良產品B0005型,個,1,1069,應稅,1018,51,1069,,,,,,,,,,,Y,系統
HE38887170,1,2016/5/23,測試股份有限公司,53670957,BFK0005,優良產品B0005型,個,1,1070,應稅,1019,51,1070,,,,,,,,,,,Y,系統
HE38887171,1,2016/5/23,測試股份有限公司,53670957,BFK0005,優良產品B0005型,個,1,1071,應稅,1020,51,1071,,,,,,,,,,,Y,系統
HE38887172,1,2016/5/23,測試股份有限公司,53670957,BFK0005,優良產品B0005型,個,1,1072,應稅,1021,51,1072,,,,,,,,,,,Y,系統
HE38887173,1,2016/5/23,測試股份有限公司,53670957,BFK0005,優良產品B0005型,個,1,1073,應稅,1022,51,1073,,,,,,,,,,,Y,系統
HE38887174,1,2016/5/23,測試股份有限公司,53670957,BFK0005,優良產品B0005型,個,1,1074,應稅,1023,51,1074,,,,,,,,,,,Y,系統
HE38887175,1,2016/5/23,測試股份有限公司,53670957,BFK0005,優良產品B0005型,個,1,1075,應稅,1024,51,1075,,,,,,,,,,,Y,系統
HE38887176,1,2016/5/23,測試股份有限公司,53670957,BFK0005,優良產品B0005型,個,1,1076,應稅,1025,51,1076,,,,,,,,,,,Y,系統
HE38887177,1,2016/5/23,測試股份有限公司,53670957,BFK0005,優良產品B0005型,個,1,1077,應稅,1026,51,1077,,,,,,,,,,,Y,系統
HE38887178,1,2016/5/23,測試股份有限公司,53670957,BFK0005,優良產品B0005型,個,1,1078,應稅,1027,51,1078,,,,,,,,,,,Y,系統
HE38887179,1,2016/5/23,測試股份有限公司,53670957,BFK0005,優良產品B0005型,個,1,1079,應稅,1028,51,1079,,,,,,,,,,,Y,系統
HE38887180,1,2016/5/23,測試股份有限公司,53670957,BFK0005,優良產品B0005型,個,1,1080,應稅,1029,51,1080,,,,,,,,,,,Y,系統
HE38887181,1,2016/5/23,測試股份有限公司,53670957,BFK0005,優良產品B0005型,個,1,1081,應稅,1030,51,1081,,,,,,,,,,,Y,系統
HE38887182,1,2016/5/23,測試股份有限公司,53670957,BFK0005,優良產品B0005型,個,1,1082,應稅,1030,52,1082,,,,,,,,,,,Y,系統
HE38887183,1,2016/5/23,測試股份有限公司,53670957,BFK0005,優良產品B0005型,個,1,1083,應稅,1031,52,1083,,,,,,,,,,,Y,系統
HE38887184,1,2016/5/23,測試股份有限公司,53670957,BFK0005,優良產品B0005型,個,1,1084,應稅,1032,52,1084,,,,,,,,,,,Y,系統
HE38887185,1,2016/5/23,測試股份有限公司,53670957,BFK0005,優良產品B0005型,個,1,1085,應稅,1033,52,1085,,,,,,,,,,,Y,系統
HE38887186,1,2016/5/23,測試股份有限公司,53670957,BFK0005,優良產品B0005型,個,1,1086,應稅,1034,52,1086,,,,,,,,,,,Y,系統
HE38887187,1,2016/5/23,測試股份有限公司,53670957,BFK0005,優良產品B0005型,個,1,1087,應稅,1035,52,1087,,,,,,,,,,,Y,系統
HE38887188,1,2016/5/23,測試股份有限公司,53670957,BFK0005,優良產品B0005型,個,1,1088,應稅,1036,52,1088,,,,,,,,,,,Y,系統
HE38887189,1,2016/5/23,測試股份有限公司,53670957,BFK0005,優良產品B0005型,個,1,1089,應稅,1037,52,1089,,,,,,,,,,,Y,系統
HE38887190,1,2016/5/23,測試股份有限公司,53670957,BFK0005,優良產品B0005型,個,1,1090,應稅,1038,52,1090,,,,,,,,,,,Y,系統
HE38887191,1,2016/5/23,測試股份有限公司,53670957,BFK0005,優良產品B0005型,個,1,1091,應稅,1039,52,1091,,,,,,,,,,,Y,系統
HE38887192,1,2016/5/23,測試股份有限公司,53670957,BFK0005,優良產品B0005型,個,1,1092,應稅,1040,52,1092,,,,,,,,,,,Y,系統
HE38887193,1,2016/5/23,測試股份有限公司,53670957,BFK0005,優良產品B0005型,個,1,1093,應稅,1041,52,1093,,,,,,,,,,,Y,系統
HE38887194,1,2016/5/23,測試股份有限公司,53670957,BFK0005,優良產品B0005型,個,1,1094,應稅,1042,52,1094,,,,,,,,,,,Y,系統
HE38887195,1,2016/5/23,測試股份有限公司,53670957,BFK0005,優良產品B0005型,個,1,1095,應稅,1043,52,1095,,,,,,,,,,,Y,系統
HE38887196,1,2016/5/23,測試股份有限公司,53670957,BFK0005,優良產品B0005型,個,1,1096,應稅,1044,52,1096,,,,,,,,,,,Y,系統
HE38887197,1,2016/5/23,測試股份有限公司,53670957,BFK0005,優良產品B0005型,個,1,1097,應稅,1045,52,1097,,,,,,,,,,,Y,系統
HE38887198,1,2016/5/23,測試股份有限公司,53670957,BFK0005,優良產品B0005型,個,1,1098,應稅,1046,52,1098,,,,,,,,,,,Y,系統
HE38887199,1,2016/5/23,測試股份有限公司,53670957,BFK0005,優良產品B0005型,個,1,1099,應稅,1047,52,1099,,,,,,,,,,,Y,系統
HE38887200,1,2016/5/23,測試股份有限公司,53670957,BFK0005,優良產品B0005型,個,1,1100,應稅,1048,52,1100,,,,,,,,,,,Y,系統
HE38887201,1,2016/5/23,測試股份有限公司,53670957,BFK0005,優良產品B0005型,個,1,1101,應稅,1049,52,1101,,,,,,,,,,,Y,系統
HE38887202,1,2016/5/23,測試股份有限公司,53670957,BFK0005,優良產品B0005型,個,1,1102,應稅,1050,52,1102,,,,,,,,,,,Y,系統
HE38887203,1,2016/5/23,測試股份有限公司,53670957,BFK0005,優良產品B0005型,個,1,1103,應稅,1050,53,1103,,,,,,,,,,,Y,系統
HE38887204,1,2016/5/23,測試股份有限公司,53670957,BFK0005,優良產品B0005型,個,1,1104,應稅,1051,53,1104,,,,,,,,,,,Y,系統
HE38887205,1,2016/5/23,測試股份有限公司,53670957,BFK0005,優良產品B0005型,個,1,1105,應稅,1052,53,1105,,,,,,,,,,,Y,系統
HE38887206,1,2016/5/23,測試股份有限公司,53670957,BFK0005,優良產品B0005型,個,1,1106,應稅,1053,53,1106,,,,,,,,,,,Y,系統
HE38887207,1,2016/5/23,測試股份有限公司,53670957,BFK0005,優良產品B0005型,個,1,1107,應稅,1054,53,1107,,,,,,,,,,,Y,系統
HE38887208,1,2016/5/23,測試股份有限公司,53670957,BFK0005,優良產品B0005型,個,1,1108,應稅,1055,53,1108,,,,,,,,,,,Y,系統
HE38887209,1,2016/5/23,測試股份有限公司,53670957,BFK0005,優良產品B0005型,個,1,1109,應稅,1056,53,1109,,,,,,,,,,,Y,系統
HE38887210,1,2016/5/23,測試股份有限公司,53670957,BFK0005,優良產品B0005型,個,1,1110,應稅,1057,53,1110,,,,,,,,,,,Y,系統
HE38887211,1,2016/5/23,測試股份有限公司,53670957,BFK0005,優良產品B0005型,個,1,1111,應稅,1058,53,1111,,,,,,,,,,,Y,系統
HE38887212,1,2016/5/23,測試股份有限公司,53670957,BFK0005,優良產品B0005型,個,1,1112,應稅,1059,53,1112,,,,,,,,,,,Y,系統
HE38887213,1,2016/5/23,測試股份有限公司,53670957,BFK0005,優良產品B0005型,個,1,1113,應稅,1060,53,1113,,,,,,,,,,,Y,系統
HE38887214,1,2016/5/23,測試股份有限公司,53670957,BFK0005,優良產品B0005型,個,1,1114,應稅,1061,53,1114,,,,,,,,,,,Y,系統
HE38887215,1,2016/5/23,測試股份有限公司,53670957,BFK0005,優良產品B0005型,個,1,1115,應稅,1062,53,1115,,,,,,,,,,,Y,系統
HE38887216,1,2016/5/23,測試股份有限公司,53670957,BFK0005,優良產品B0005型,個,1,1116,應稅,1063,53,1116,,,,,,,,,,,Y,系統
HE38887217,1,2016/5/23,測試股份有限公司,53670957,BFK0005,優良產品B0005型,個,1,1117,應稅,1064,53,1117,,,,,,,,,,,Y,系統
HE38887218,1,2016/5/23,測試股份有限公司,53670957,BFK0005,優良產品B0005型,個,1,1118,應稅,1065,53,1118,,,,,,,,,,,Y,系統
HE38887219,1,2016/5/23,測試股份有限公司,53670957,BFK0005,優良產品B0005型,個,1,1119,應稅,1066,53,1119,,,,,,,,,,,Y,系統
HE38887220,1,2016/5/23,測試股份有限公司,53670957,BFK0005,優良產品B0005型,個,1,1120,應稅,1067,53,1120,,,,,,,,,,,Y,系統
HE38887221,1,2016/5/23,測試股份有限公司,53670957,BFK0005,優良產品B0005型,個,1,1121,應稅,1068,53,1121,,,,,,,,,,,Y,系統
HE38887222,1,2016/5/23,測試股份有限公司,53670957,BFK0005,優良產品B0005型,個,1,1122,應稅,1069,53,1122,,,,,,,,,,,Y,系統
HE38887223,1,2016/5/23,測試股份有限公司,53670957,BFK0005,優良產品B0005型,個,1,1123,應稅,1070,53,1123,,,,,,,,,,,Y,系統
HE38887224,1,2016/5/23,測試股份有限公司,53670957,BFK0005,優良產品B0005型,個,1,1124,應稅,1070,54,1124,,,,,,,,,,,Y,系統
HE38887225,1,2016/5/23,測試股份有限公司,53670957,BFK0005,優良產品B0005型,個,1,1125,應稅,1071,54,1125,,,,,,,,,,,Y,系統
HE38887226,1,2016/5/23,測試股份有限公司,53670957,BFK0005,優良產品B0005型,個,1,1126,應稅,1072,54,1126,,,,,,,,,,,Y,系統
HE38887227,1,2016/5/23,測試股份有限公司,53670957,BFK0005,優良產品B0005型,個,1,1127,應稅,1073,54,1127,,,,,,,,,,,Y,系統
HE38887228,1,2016/5/23,測試股份有限公司,53670957,BFK0005,優良產品B0005型,個,1,1128,應稅,1074,54,1128,,,,,,,,,,,Y,系統
HE38887229,1,2016/5/23,測試股份有限公司,53670957,BFK0005,優良產品B0005型,個,1,1129,應稅,1075,54,1129,,,,,,,,,,,Y,系統
HE38887230,1,2016/5/23,測試股份有限公司,53670957,BFK0005,優良產品B0005型,個,1,1130,應稅,1076,54,1130,,,,,,,,,,,Y,系統
HE38887231,1,2016/5/23,測試股份有限公司,53670957,BFK0005,優良產品B0005型,個,1,1131,應稅,1077,54,1131,,,,,,,,,,,Y,系統
HE38887232,1,2016/5/23,測試股份有限公司,53670957,BFK0005,優良產品B0005型,個,1,1132,應稅,1078,54,1132,,,,,,,,,,,Y,系統
HE38887233,1,2016/5/23,測試股份有限公司,53670957,BFK0005,優良產品B0005型,個,1,1133,應稅,1079,54,1133,,,,,,,,,,,Y,系統
HE38887234,1,2016/5/23,測試股份有限公司,53670957,BFK0005,優良產品B0005型,個,1,1134,應稅,1080,54,1134,,,,,,,,,,,Y,系統
HE38887235,1,2016/5/23,測試股份有限公司,53670957,BFK0005,優良產品B0005型,個,1,1135,應稅,1081,54,1135,,,,,,,,,,,Y,系統
HE38887236,1,2016/5/23,測試股份有限公司,53670957,BFK0005,優良產品B0005型,個,1,1136,應稅,1082,54,1136,,,,,,,,,,,Y,系統
HE38887237,1,2016/5/23,測試股份有限公司,53670957,BFK0005,優良產品B0005型,個,1,1137,應稅,1083,54,1137,,,,,,,,,,,Y,系統
HE38887238,1,2016/5/23,測試股份有限公司,53670957,BFK0005,優良產品B0005型,個,1,1138,應稅,1084,54,1138,,,,,,,,,,,Y,系統
HE38887239,1,2016/5/23,測試股份有限公司,53670957,BFK0005,優良產品B0005型,個,1,1139,應稅,1085,54,1139,,,,,,,,,,,Y,系統
HE38887240,1,2016/5/23,測試股份有限公司,53670957,BFK0005,優良產品B0005型,個,1,1140,應稅,1086,54,1140,,,,,,,,,,,Y,系統
HE38887241,1,2016/5/23,測試股份有限公司,53670957,BFK0005,優良產品B0005型,個,1,1141,應稅,1087,54,1141,,,,,,,,,,,Y,系統
HE38887242,1,2016/5/23,測試股份有限公司,53670957,BFK0005,優良產品B0005型,個,1,1142,應稅,1088,54,1142,,,,,,,,,,,Y,系統
HE38887243,1,2016/5/23,測試股份有限公司,53670957,BFK0005,優良產品B0005型,個,1,1143,應稅,1089,54,1143,,,,,,,,,,,Y,系統
HE38887244,1,2016/5/23,測試股份有限公司,53670957,BFK0005,優良產品B0005型,個,1,1144,應稅,1090,54,1144,,,,,,,,,,,Y,系統
HE38887245,1,2016/5/23,測試股份有限公司,53670957,BFK0005,優良產品B0005型,個,1,1145,應稅,1090,55,1145,,,,,,,,,,,Y,系統
HE38887246,1,2016/5/23,測試股份有限公司,53670957,BFK0005,優良產品B0005型,個,1,1146,應稅,1091,55,1146,,,,,,,,,,,Y,系統
HE38887247,1,2016/5/23,測試股份有限公司,53670957,BFK0005,優良產品B0005型,個,1,1147,應稅,1092,55,1147,,,,,,,,,,,Y,系統
HE38887248,1,2016/5/23,測試股份有限公司,53670957,BFK0005,優良產品B0005型,個,1,1148,應稅,1093,55,1148,,,,,,,,,,,Y,系統
HE38887249,1,2016/5/23,測試股份有限公司,53670957,BFK0005,優良產品B0005型,個,1,1149,應稅,1094,55,1149,,,,,,,,,,,Y,系統
HE38887250,1,2016/5/23,測試股份有限公司,53670957,BFK0005,優良產品B0005型,個,1,1150,應稅,1095,55,1150,,,,,,,,,,,Y,系統
HE38887251,1,2016/5/23,測試股份有限公司,53670957,BFK0005,優良產品B0005型,個,1,1151,應稅,1096,55,1151,,,,,,,,,,,Y,系統
HE38887252,1,2016/5/23,測試股份有限公司,53670957,BFK0005,優良產品B0005型,個,1,1152,應稅,1097,55,1152,,,,,,,,,,,Y,系統
HE38887253,1,2016/5/23,測試股份有限公司,53670957,BFK0005,優良產品B0005型,個,1,1153,應稅,1098,55,1153,,,,,,,,,,,Y,系統
HE38887254,1,2016/5/23,測試股份有限公司,53670957,BFK0005,優良產品B0005型,個,1,1154,應稅,1099,55,1154,,,,,,,,,,,Y,系統
HE38887255,1,2016/5/23,測試股份有限公司,53670957,BFK0005,優良產品B0005型,個,1,1155,應稅,1100,55,1155,,,,,,,,,,,Y,系統
HE38887256,1,2016/5/23,測試股份有限公司,53670957,BFK0005,優良產品B0005型,個,1,1156,應稅,1101,55,1156,,,,,,,,,,,Y,系統
HE38887257,1,2016/5/23,測試股份有限公司,53670957,BFK0005,優良產品B0005型,個,1,1157,應稅,1102,55,1157,,,,,,,,,,,Y,系統
HE38887258,1,2016/5/23,測試股份有限公司,53670957,BFK0005,優良產品B0005型,個,1,1158,應稅,1103,55,1158,,,,,,,,,,,Y,系統
HE38887259,1,2016/5/23,測試股份有限公司,53670957,BFK0005,優良產品B0005型,個,1,1159,應稅,1104,55,1159,,,,,,,,,,,Y,系統
HE38887260,1,2016/5/23,測試股份有限公司,53670957,BFK0005,優良產品B0005型,個,1,1160,應稅,1105,55,1160,,,,,,,,,,,Y,系統
HE38887261,1,2016/5/23,測試股份有限公司,53670957,BFK0005,優良產品B0005型,個,1,1161,應稅,1106,55,1161,,,,,,,,,,,Y,系統
HE38887262,1,2016/5/23,測試股份有限公司,53670957,BFK0005,優良產品B0005型,個,1,1162,應稅,1107,55,1162,,,,,,,,,,,Y,系統
HE38887263,1,2016/5/23,測試股份有限公司,53670957,BFK0005,優良產品B0005型,個,1,1163,應稅,1108,55,1163,,,,,,,,,,,Y,系統
HE38887264,1,2016/5/23,測試股份有限公司,53670957,BFK0005,優良產品B0005型,個,1,1164,應稅,1109,55,1164,,,,,,,,,,,Y,系統
HE38887265,1,2016/5/23,測試股份有限公司,53670957,BFK0005,優良產品B0005型,個,1,1165,應稅,1110,55,1165,,,,,,,,,,,Y,系統
HE38887266,1,2016/5/23,測試股份有限公司,53670957,BFK0005,優良產品B0005型,個,1,1166,應稅,1110,56,1166,,,,,,,,,,,Y,系統
HE38887267,1,2016/5/23,測試股份有限公司,53670957,BFK0005,優良產品B0005型,個,1,1167,應稅,1111,56,1167,,,,,,,,,,,Y,系統
HE38887268,1,2016/5/23,測試股份有限公司,53670957,BFK0005,優良產品B0005型,個,1,1168,應稅,1112,56,1168,,,,,,,,,,,Y,系統
HE38887269,1,2016/5/23,測試股份有限公司,53670957,BFK0005,優良產品B0005型,個,1,1169,應稅,1113,56,1169,,,,,,,,,,,Y,系統
HE38887270,1,2016/5/23,測試股份有限公司,53670957,BFK0005,優良產品B0005型,個,1,1170,應稅,1114,56,1170,,,,,,,,,,,Y,系統
HE38887271,1,2016/5/23,測試股份有限公司,53670957,BFK0005,優良產品B0005型,個,1,1171,應稅,1115,56,1171,,,,,,,,,,,Y,系統
HE38887272,1,2016/5/23,測試股份有限公司,53670957,BFK0005,優良產品B0005型,個,1,1172,應稅,1116,56,1172,,,,,,,,,,,Y,系統
HE38887273,1,2016/5/23,測試股份有限公司,53670957,BFK0005,優良產品B0005型,個,1,1173,應稅,1117,56,1173,,,,,,,,,,,Y,系統
HE38887274,1,2016/5/23,測試股份有限公司,53670957,BFK0005,優良產品B0005型,個,1,1174,應稅,1118,56,1174,,,,,,,,,,,Y,系統
HE38887275,1,2016/5/23,測試股份有限公司,53670957,BFK0005,優良產品B0005型,個,1,1175,應稅,1119,56,1175,,,,,,,,,,,Y,系統
HE38887276,1,2016/5/23,測試股份有限公司,53670957,BFK0005,優良產品B0005型,個,1,1176,應稅,1120,56,1176,,,,,,,,,,,Y,系統
HE38887277,1,2016/5/23,測試股份有限公司,53670957,BFK0005,優良產品B0005型,個,1,1177,應稅,1121,56,1177,,,,,,,,,,,Y,系統
HE38887278,1,2016/5/23,測試股份有限公司,53670957,BFK0005,優良產品B0005型,個,1,1178,應稅,1122,56,1178,,,,,,,,,,,Y,系統
HE38887279,1,2016/5/23,測試股份有限公司,53670957,BFK0005,優良產品B0005型,個,1,1179,應稅,1123,56,1179,,,,,,,,,,,Y,系統
HE38887280,1,2016/5/23,測試股份有限公司,53670957,BFK0005,優良產品B0005型,個,1,1180,應稅,1124,56,1180,,,,,,,,,,,Y,系統
HE38887281,1,2016/5/23,測試股份有限公司,53670957,BFK0005,優良產品B0005型,個,1,1181,應稅,1125,56,1181,,,,,,,,,,,Y,系統
HE38887282,1,2016/5/23,測試股份有限公司,53670957,BFK0005,優良產品B0005型,個,1,1182,應稅,1126,56,1182,,,,,,,,,,,Y,系統
HE38887283,1,2016/5/23,測試股份有限公司,53670957,BFK0005,優良產品B0005型,個,1,1183,應稅,1127,56,1183,,,,,,,,,,,Y,系統
HE38887284,1,2016/5/23,測試股份有限公司,53670957,BFK0005,優良產品B0005型,個,1,1184,應稅,1128,56,1184,,,,,,,,,,,Y,系統
HE38887285,1,2016/5/23,測試股份有限公司,53670957,BFK0005,優良產品B0005型,個,1,1185,應稅,1129,56,1185,,,,,,,,,,,Y,系統
HE38887286,1,2016/5/23,測試股份有限公司,53670957,BFK0005,優良產品B0005型,個,1,1186,應稅,1130,56,1186,,,,,,,,,,,Y,系統
HE38887287,1,2016/5/23,測試股份有限公司,53670957,BFK0005,優良產品B0005型,個,1,1187,應稅,1130,57,1187,,,,,,,,,,,Y,系統
HE38887288,1,2016/5/23,測試股份有限公司,53670957,BFK0005,優良產品B0005型,個,1,1188,應稅,1131,57,1188,,,,,,,,,,,Y,系統
HE38887289,1,2016/5/23,測試股份有限公司,53670957,BFK0005,優良產品B0005型,個,1,1189,應稅,1132,57,1189,,,,,,,,,,,Y,系統
HE38887290,1,2016/5/23,測試股份有限公司,53670957,BFK0005,優良產品B0005型,個,1,1190,應稅,1133,57,1190,,,,,,,,,,,Y,系統
HE38887291,1,2016/5/23,測試股份有限公司,53670957,BFK0005,優良產品B0005型,個,1,1191,應稅,1134,57,1191,,,,,,,,,,,Y,系統
HE38887292,1,2016/5/23,測試股份有限公司,53670957,BFK0005,優良產品B0005型,個,1,1192,應稅,1135,57,1192,,,,,,,,,,,Y,系統
HE38887293,1,2016/5/23,測試股份有限公司,53670957,BFK0005,優良產品B0005型,個,1,1193,應稅,1136,57,1193,,,,,,,,,,,Y,系統
HE38887294,1,2016/5/23,測試股份有限公司,53670957,BFK0005,優良產品B0005型,個,1,1194,應稅,1137,57,1194,,,,,,,,,,,Y,系統
HE38887295,1,2016/5/23,測試股份有限公司,53670957,BFK0005,優良產品B0005型,個,1,1195,應稅,1138,57,1195,,,,,,,,,,,Y,系統
HE38887296,1,2016/5/23,測試股份有限公司,53670957,BFK0005,優良產品B0005型,個,1,1196,應稅,1139,57,1196,,,,,,,,,,,Y,系統
HE38887297,1,2016/5/23,測試股份有限公司,53670957,BFK0005,優良產品B0005型,個,1,1197,應稅,1140,57,1197,,,,,,,,,,,Y,系統
HE38887298,1,2016/5/23,測試股份有限公司,53670957,BFK0005,優良產品B0005型,個,1,1198,應稅,1141,57,1198,,,,,,,,,,,Y,系統
HE38887299,1,2016/5/23,測試股份有限公司,53670957,BFK0005,優良產品B0005型,個,1,1199,應稅,1142,57,1199,,,,,,,,,,,Y,系統
HE38887300,1,2016/5/23,測試股份有限公司,53670957,BFK0005,優良產品B0005型,個,1,1200,應稅,1143,57,1200,,,,,,,,,,,Y,系統
HE38887301,1,2016/5/23,測試股份有限公司,53670957,BFK0005,優良產品B0005型,個,1,1201,應稅,1144,57,1201,,,,,,,,,,,Y,系統
HE38887302,1,2016/5/23,測試股份有限公司,53670957,BFK0005,優良產品B0005型,個,1,1202,應稅,1145,57,1202,,,,,,,,,,,Y,系統
HE38887303,1,2016/5/23,測試股份有限公司,53670957,BFK0005,優良產品B0005型,個,1,1203,應稅,1146,57,1203,,,,,,,,,,,Y,系統
HE38887304,1,2016/5/23,測試股份有限公司,53670957,BFK0005,優良產品B0005型,個,1,1204,應稅,1147,57,1204,,,,,,,,,,,Y,系統
HE38887305,1,2016/5/23,測試股份有限公司,53670957,BFK0005,優良產品B0005型,個,1,1205,應稅,1148,57,1205,,,,,,,,,,,Y,系統
HE38887306,1,2016/5/23,測試股份有限公司,53670957,BFK0005,優良產品B0005型,個,1,1206,應稅,1149,57,1206,,,,,,,,,,,Y,系統
HE38887307,1,2016/5/23,測試股份有限公司,53670957,BFK0005,優良產品B0005型,個,1,1207,應稅,1150,57,1207,,,,,,,,,,,Y,系統
HE38887308,1,2016/5/23,測試股份有限公司,53670957,BFK0005,優良產品B0005型,個,1,1208,應稅,1150,58,1208,,,,,,,,,,,Y,系統
HE38887309,1,2016/5/23,測試股份有限公司,53670957,BFK0005,優良產品B0005型,個,1,1209,應稅,1151,58,1209,,,,,,,,,,,Y,系統
HE38887310,1,2016/5/23,測試股份有限公司,53670957,BFK0005,優良產品B0005型,個,1,1210,應稅,1152,58,1210,,,,,,,,,,,Y,系統
HE38887311,1,2016/5/23,測試股份有限公司,53670957,BFK0005,優良產品B0005型,個,1,1211,應稅,1153,58,1211,,,,,,,,,,,Y,系統
HE38887312,1,2016/5/23,測試股份有限公司,53670957,BFK0005,優良產品B0005型,個,1,1212,應稅,1154,58,1212,,,,,,,,,,,Y,系統
HE38887313,1,2016/5/23,測試股份有限公司,53670957,BFK0005,優良產品B0005型,個,1,1213,應稅,1155,58,1213,,,,,,,,,,,Y,系統
HE38887314,1,2016/5/23,測試股份有限公司,53670957,BFK0005,優良產品B0005型,個,1,1214,應稅,1156,58,1214,,,,,,,,,,,Y,系統
HE38887315,1,2016/5/23,測試股份有限公司,53670957,BFK0005,優良產品B0005型,個,1,1215,應稅,1157,58,1215,,,,,,,,,,,Y,系統
HE38887316,1,2016/5/23,測試股份有限公司,53670957,BFK0005,優良產品B0005型,個,1,1216,應稅,1158,58,1216,,,,,,,,,,,Y,系統
HE38887317,1,2016/5/23,測試股份有限公司,53670957,BFK0005,優良產品B0005型,個,1,1217,應稅,1159,58,1217,,,,,,,,,,,Y,系統
HE38887318,1,2016/5/23,測試股份有限公司,53670957,BFK0005,優良產品B0005型,個,1,1218,應稅,1160,58,1218,,,,,,,,,,,Y,系統
HE38887319,1,2016/5/23,測試股份有限公司,53670957,BFK0005,優良產品B0005型,個,1,1219,應稅,1161,58,1219,,,,,,,,,,,Y,系統
HE38887320,1,2016/5/23,測試股份有限公司,53670957,BFK0005,優良產品B0005型,個,1,1220,應稅,1162,58,1220,,,,,,,,,,,Y,系統
HE38887321,1,2016/5/23,測試股份有限公司,53670957,BFK0005,優良產品B0005型,個,1,1221,應稅,1163,58,1221,,,,,,,,,,,Y,系統
HE38887322,1,2016/5/23,測試股份有限公司,53670957,BFK0005,優良產品B0005型,個,1,1222,應稅,1164,58,1222,,,,,,,,,,,Y,系統
HE38887323,1,2016/5/23,測試股份有限公司,53670957,BFK0005,優良產品B0005型,個,1,1223,應稅,1165,58,1223,,,,,,,,,,,Y,系統
HE38887324,1,2016/5/23,測試股份有限公司,53670957,BFK0005,優良產品B0005型,個,1,1224,應稅,1166,58,1224,,,,,,,,,,,Y,系統
HE38887325,1,2016/5/23,測試股份有限公司,53670957,BFK0005,優良產品B0005型,個,1,1225,應稅,1167,58,1225,,,,,,,,,,,Y,系統
HE38887326,1,2016/5/23,測試股份有限公司,53670957,BFK0005,優良產品B0005型,個,1,1226,應稅,1168,58,1226,,,,,,,,,,,Y,系統
HE38887327,1,2016/5/23,測試股份有限公司,53670957,BFK0005,優良產品B0005型,個,1,1227,應稅,1169,58,1227,,,,,,,,,,,Y,系統
HE38887328,1,2016/5/23,測試股份有限公司,53670957,BFK0005,優良產品B0005型,個,1,1228,應稅,1170,58,1228,,,,,,,,,,,Y,系統
HE38887329,1,2016/5/23,測試股份有限公司,53670957,BFK0005,優良產品B0005型,個,1,1229,應稅,1170,59,1229,,,,,,,,,,,Y,系統
HE38887330,1,2016/5/23,測試股份有限公司,53670957,BFK0005,優良產品B0005型,個,1,1230,應稅,1171,59,1230,,,,,,,,,,,Y,系統
HE38887331,1,2016/5/23,測試股份有限公司,53670957,BFK0005,優良產品B0005型,個,1,1231,應稅,1172,59,1231,,,,,,,,,,,Y,系統
HE38887332,1,2016/5/23,測試股份有限公司,53670957,BFK0005,優良產品B0005型,個,1,1232,應稅,1173,59,1232,,,,,,,,,,,Y,系統
HE38887333,1,2016/5/23,測試股份有限公司,53670957,BFK0005,優良產品B0005型,個,1,1233,應稅,1174,59,1233,,,,,,,,,,,Y,系統
HE38887334,1,2016/5/23,測試股份有限公司,53670957,BFK0005,優良產品B0005型,個,1,1234,應稅,1175,59,1234,,,,,,,,,,,Y,系統
HE38887335,1,2016/5/23,測試股份有限公司,53670957,BFK0005,優良產品B0005型,個,1,1235,應稅,1176,59,1235,,,,,,,,,,,Y,系統
HE38887336,1,2016/5/23,測試股份有限公司,53670957,BFK0005,優良產品B0005型,個,1,1236,應稅,1177,59,1236,,,,,,,,,,,Y,系統
HE38887337,1,2016/5/23,測試股份有限公司,53670957,BFK0005,優良產品B0005型,個,1,1237,應稅,1178,59,1237,,,,,,,,,,,Y,系統
HE38887338,1,2016/5/23,測試股份有限公司,53670957,BFK0005,優良產品B0005型,個,1,1238,應稅,1179,59,1238,,,,,,,,,,,Y,系統
HE38887339,1,2016/5/23,測試股份有限公司,53670957,BFK0005,優良產品B0005型,個,1,1239,應稅,1180,59,1239,,,,,,,,,,,Y,系統
HE38887340,1,2016/5/23,測試股份有限公司,53670957,BFK0005,優良產品B0005型,個,1,1240,應稅,1181,59,1240,,,,,,,,,,,Y,系統
HE38887341,1,2016/5/23,測試股份有限公司,53670957,BFK0005,優良產品B0005型,個,1,1241,應稅,1182,59,1241,,,,,,,,,,,Y,系統
HE38887342,1,2016/5/23,測試股份有限公司,53670957,BFK0005,優良產品B0005型,個,1,1242,應稅,1183,59,1242,,,,,,,,,,,Y,系統
HE38887343,1,2016/5/23,測試股份有限公司,53670957,BFK0005,優良產品B0005型,個,1,1243,應稅,1184,59,1243,,,,,,,,,,,Y,系統
HE38887344,1,2016/5/23,測試股份有限公司,53670957,BFK0005,優良產品B0005型,個,1,1244,應稅,1185,59,1244,,,,,,,,,,,Y,系統
HE38887345,1,2016/5/23,測試股份有限公司,53670957,BFK0005,優良產品B0005型,個,1,1245,應稅,1186,59,1245,,,,,,,,,,,Y,系統
HE38887346,1,2016/5/23,測試股份有限公司,53670957,BFK0005,優良產品B0005型,個,1,1246,應稅,1187,59,1246,,,,,,,,,,,Y,系統
HE38887347,1,2016/5/23,測試股份有限公司,53670957,BFK0005,優良產品B0005型,個,1,1247,應稅,1188,59,1247,,,,,,,,,,,Y,系統
HE38887348,1,2016/5/23,測試股份有限公司,53670957,BFK0005,優良產品B0005型,個,1,1248,應稅,1189,59,1248,,,,,,,,,,,Y,系統
HE38887349,1,2016/5/23,測試股份有限公司,53670957,BFK0005,優良產品B0005型,個,1,1249,應稅,1190,59,1249,,,,,,,,,,,Y,系統
HE38887350,1,2016/5/23,測試股份有限公司,53670957,BFK0005,優良產品B0005型,個,1,1250,應稅,1190,60,1250,,,,,,,,,,,Y,系統
HE38887351,1,2016/5/23,測試股份有限公司,53670957,BFK0005,優良產品B0005型,個,1,1251,應稅,1191,60,1251,,,,,,,,,,,Y,系統
HE38887352,1,2016/5/23,測試股份有限公司,53670957,BFK0005,優良產品B0005型,個,1,1252,應稅,1192,60,1252,,,,,,,,,,,Y,系統
HE38887353,1,2016/5/23,測試股份有限公司,53670957,BFK0005,優良產品B0005型,個,1,1253,應稅,1193,60,1253,,,,,,,,,,,Y,系統
HE38887354,1,2016/5/23,測試股份有限公司,53670957,BFK0005,優良產品B0005型,個,1,1254,應稅,1194,60,1254,,,,,,,,,,,Y,系統
HE38887355,1,2016/5/23,測試股份有限公司,53670957,BFK0005,優良產品B0005型,個,1,1255,應稅,1195,60,1255,,,,,,,,,,,Y,系統
HE38887356,1,2016/5/23,測試股份有限公司,53670957,BFK0005,優良產品B0005型,個,1,1256,應稅,1196,60,1256,,,,,,,,,,,Y,系統
HE38887357,1,2016/5/23,測試股份有限公司,53670957,BFK0005,優良產品B0005型,個,1,1257,應稅,1197,60,1257,,,,,,,,,,,Y,系統
HE38887358,1,2016/5/23,測試股份有限公司,53670957,BFK0005,優良產品B0005型,個,1,1258,應稅,1198,60,1258,,,,,,,,,,,Y,系統
HE38887359,1,2016/5/23,測試股份有限公司,53670957,BFK0005,優良產品B0005型,個,1,1259,應稅,1199,60,1259,,,,,,,,,,,Y,系統
HE38887360,1,2016/5/23,測試股份有限公司,53670957,BFK0005,優良產品B0005型,個,1,1260,應稅,1200,60,1260,,,,,,,,,,,Y,系統
HE38887361,1,2016/5/23,測試股份有限公司,53670957,BFK0005,優良產品B0005型,個,1,1261,應稅,1201,60,1261,,,,,,,,,,,Y,系統
HE38887362,1,2016/5/23,測試股份有限公司,53670957,BFK0005,優良產品B0005型,個,1,1262,應稅,1202,60,1262,,,,,,,,,,,Y,系統
HE38887363,1,2016/5/23,測試股份有限公司,53670957,BFK0005,優良產品B0005型,個,1,1263,應稅,1203,60,1263,,,,,,,,,,,Y,系統
HE38887364,1,2016/5/23,測試股份有限公司,53670957,BFK0005,優良產品B0005型,個,1,1264,應稅,1204,60,1264,,,,,,,,,,,Y,系統
HE38887365,1,2016/5/23,測試股份有限公司,53670957,BFK0005,優良產品B0005型,個,1,1265,應稅,1205,60,1265,,,,,,,,,,,Y,系統
HE38887366,1,2016/5/23,測試股份有限公司,53670957,BFK0005,優良產品B0005型,個,1,1266,應稅,1206,60,1266,,,,,,,,,,,Y,系統
HE38887367,1,2016/5/23,測試股份有限公司,53670957,BFK0005,優良產品B0005型,個,1,1267,應稅,1207,60,1267,,,,,,,,,,,Y,系統
HE38887368,1,2016/5/23,測試股份有限公司,53670957,BFK0005,優良產品B0005型,個,1,1268,應稅,1208,60,1268,,,,,,,,,,,Y,系統
HE38887369,1,2016/5/23,測試股份有限公司,53670957,BFK0005,優良產品B0005型,個,1,1269,應稅,1209,60,1269,,,,,,,,,,,Y,系統
HE38887370,1,2016/5/23,測試股份有限公司,53670957,BFK0005,優良產品B0005型,個,1,1270,應稅,1210,60,1270,,,,,,,,,,,Y,系統
HE38887371,1,2016/5/23,測試股份有限公司,53670957,BFK0005,優良產品B0005型,個,1,1271,應稅,1210,61,1271,,,,,,,,,,,Y,系統
HE38887372,1,2016/5/23,測試股份有限公司,53670957,BFK0005,優良產品B0005型,個,1,1272,應稅,1211,61,1272,,,,,,,,,,,Y,系統
HE38887373,1,2016/5/23,測試股份有限公司,53670957,BFK0005,優良產品B0005型,個,1,1273,應稅,1212,61,1273,,,,,,,,,,,Y,系統
HE38887374,1,2016/5/23,測試股份有限公司,53670957,BFK0005,優良產品B0005型,個,1,1274,應稅,1213,61,1274,,,,,,,,,,,Y,系統
HE38887375,1,2016/5/23,測試股份有限公司,53670957,BFK0005,優良產品B0005型,個,1,1275,應稅,1214,61,1275,,,,,,,,,,,Y,系統
HE38887376,1,2016/5/23,測試股份有限公司,53670957,BFK0005,優良產品B0005型,個,1,1276,應稅,1215,61,1276,,,,,,,,,,,Y,系統
HE38887377,1,2016/5/23,測試股份有限公司,53670957,BFK0005,優良產品B0005型,個,1,1277,應稅,1216,61,1277,,,,,,,,,,,Y,系統
HE38887378,1,2016/5/23,測試股份有限公司,53670957,BFK0005,優良產品B0005型,個,1,1278,應稅,1217,61,1278,,,,,,,,,,,Y,系統
HE38887379,1,2016/5/23,測試股份有限公司,53670957,BFK0005,優良產品B0005型,個,1,1279,應稅,1218,61,1279,,,,,,,,,,,Y,系統
HE38887380,1,2016/5/23,測試股份有限公司,53670957,BFK0005,優良產品B0005型,個,1,1280,應稅,1219,61,1280,,,,,,,,,,,Y,系統
HE38887381,1,2016/5/23,測試股份有限公司,53670957,BFK0005,優良產品B0005型,個,1,1281,應稅,1220,61,1281,,,,,,,,,,,Y,系統
HE38887382,1,2016/5/23,測試股份有限公司,53670957,BFK0005,優良產品B0005型,個,1,1282,應稅,1221,61,1282,,,,,,,,,,,Y,系統
HE38887383,1,2016/5/23,測試股份有限公司,53670957,BFK0005,優良產品B0005型,個,1,1283,應稅,1222,61,1283,,,,,,,,,,,Y,系統
HE38887384,1,2016/5/23,測試股份有限公司,53670957,BFK0005,優良產品B0005型,個,1,1284,應稅,1223,61,1284,,,,,,,,,,,Y,系統
HE38887385,1,2016/5/23,測試股份有限公司,53670957,BFK0005,優良產品B0005型,個,1,1285,應稅,1224,61,1285,,,,,,,,,,,Y,系統
HE38887386,1,2016/5/23,測試股份有限公司,53670957,BFK0005,優良產品B0005型,個,1,1286,應稅,1225,61,1286,,,,,,,,,,,Y,系統
HE38887387,1,2016/5/23,測試股份有限公司,53670957,BFK0005,優良產品B0005型,個,1,1287,應稅,1226,61,1287,,,,,,,,,,,Y,系統
HE38887388,1,2016/5/23,測試股份有限公司,53670957,BFK0005,優良產品B0005型,個,1,1288,應稅,1227,61,1288,,,,,,,,,,,Y,系統
HE38887389,1,2016/5/23,測試股份有限公司,53670957,BFK0005,優良產品B0005型,個,1,1289,應稅,1228,61,1289,,,,,,,,,,,Y,系統
HE38887390,1,2016/5/23,測試股份有限公司,53670957,BFK0005,優良產品B0005型,個,1,1290,應稅,1229,61,1290,,,,,,,,,,,Y,系統
HE38887391,1,2016/5/23,測試股份有限公司,53670957,BFK0005,優良產品B0005型,個,1,1291,應稅,1230,61,1291,,,,,,,,,,,Y,系統
HE38887392,1,2016/5/23,測試股份有限公司,53670957,BFK0005,優良產品B0005型,個,1,1292,應稅,1230,62,1292,,,,,,,,,,,Y,系統
HE38887393,1,2016/5/23,測試股份有限公司,53670957,BFK0005,優良產品B0005型,個,1,1293,應稅,1231,62,1293,,,,,,,,,,,Y,系統
HE38887394,1,2016/5/23,測試股份有限公司,53670957,BFK0005,優良產品B0005型,個,1,1294,應稅,1232,62,1294,,,,,,,,,,,Y,系統
HE38887395,1,2016/5/23,測試股份有限公司,53670957,BFK0005,優良產品B0005型,個,1,1295,應稅,1233,62,1295,,,,,,,,,,,Y,系統
HE38887396,1,2016/5/23,測試股份有限公司,53670957,BFK0005,優良產品B0005型,個,1,1296,應稅,1234,62,1296,,,,,,,,,,,Y,系統
HE38887397,1,2016/5/23,測試股份有限公司,53670957,BFK0005,優良產品B0005型,個,1,1297,應稅,1235,62,1297,,,,,,,,,,,Y,系統
HE38887398,1,2016/5/23,測試股份有限公司,53670957,BFK0005,優良產品B0005型,個,1,1298,應稅,1236,62,1298,,,,,,,,,,,Y,系統
HE38887399,1,2016/5/23,測試股份有限公司,53670957,BFK0005,優良產品B0005型,個,1,1299,應稅,1237,62,1299,,,,,,,,,,,Y,系統
HE38887400,1,2016/5/23,測試股份有限公司,53670957,BFK0005,優良產品B0005型,個,1,1300,應稅,1238,62,1300,,,,,,,,,,,Y,系統
HE38887401,1,2016/5/23,測試股份有限公司,53670957,BFK0005,優良產品B0005型,個,1,1301,應稅,1239,62,1301,,,,,,,,,,,Y,系統
HE38887402,1,2016/5/23,測試股份有限公司,53670957,BFK0005,優良產品B0005型,個,1,1302,應稅,1240,62,1302,,,,,,,,,,,Y,系統
HE38887403,1,2016/5/23,測試股份有限公司,53670957,BFK0005,優良產品B0005型,個,1,1303,應稅,1241,62,1303,,,,,,,,,,,Y,系統
HE38887404,1,2016/5/23,測試股份有限公司,53670957,BFK0005,優良產品B0005型,個,1,1304,應稅,1242,62,1304,,,,,,,,,,,Y,系統
HE38887405,1,2016/5/23,測試股份有限公司,53670957,BFK0005,優良產品B0005型,個,1,1305,應稅,1243,62,1305,,,,,,,,,,,Y,系統
HE38887406,1,2016/5/23,測試股份有限公司,53670957,BFK0005,優良產品B0005型,個,1,1306,應稅,1244,62,1306,,,,,,,,,,,Y,系統
HE38887407,1,2016/5/23,測試股份有限公司,53670957,BFK0005,優良產品B0005型,個,1,1307,應稅,1245,62,1307,,,,,,,,,,,Y,系統
HE38887408,1,2016/5/23,測試股份有限公司,53670957,BFK0005,優良產品B0005型,個,1,1308,應稅,1246,62,1308,,,,,,,,,,,Y,系統
HE38887409,1,2016/5/23,測試股份有限公司,53670957,BFK0005,優良產品B0005型,個,1,1309,應稅,1247,62,1309,,,,,,,,,,,Y,系統
HE38887410,1,2016/5/23,測試股份有限公司,53670957,BFK0005,優良產品B0005型,個,1,1310,應稅,1248,62,1310,,,,,,,,,,,Y,系統
HE38887411,1,2016/5/23,測試股份有限公司,53670957,BFK0005,優良產品B0005型,個,1,1311,應稅,1249,62,1311,,,,,,,,,,,Y,系統
HE38887412,1,2016/5/23,測試股份有限公司,53670957,BFK0005,優良產品B0005型,個,1,1312,應稅,1250,62,1312,,,,,,,,,,,Y,系統
HE38887413,1,2016/5/23,測試股份有限公司,53670957,BFK0005,優良產品B0005型,個,1,1313,應稅,1250,63,1313,,,,,,,,,,,Y,系統
HE38887414,1,2016/5/23,測試股份有限公司,53670957,BFK0005,優良產品B0005型,個,1,1314,應稅,1251,63,1314,,,,,,,,,,,Y,系統
HE38887415,1,2016/5/23,測試股份有限公司,53670957,BFK0005,優良產品B0005型,個,1,1315,應稅,1252,63,1315,,,,,,,,,,,Y,系統
HE38887416,1,2016/5/23,測試股份有限公司,53670957,BFK0005,優良產品B0005型,個,1,1316,應稅,1253,63,1316,,,,,,,,,,,Y,系統
HE38887417,1,2016/5/23,測試股份有限公司,53670957,BFK0005,優良產品B0005型,個,1,1317,應稅,1254,63,1317,,,,,,,,,,,Y,系統
HE38887418,1,2016/5/23,測試股份有限公司,53670957,BFK0005,優良產品B0005型,個,1,1318,應稅,1255,63,1318,,,,,,,,,,,Y,系統
HE38887419,1,2016/5/23,測試股份有限公司,53670957,BFK0005,優良產品B0005型,個,1,1319,應稅,1256,63,1319,,,,,,,,,,,Y,系統
HE38887420,1,2016/5/23,測試股份有限公司,53670957,BFK0005,優良產品B0005型,個,1,1320,應稅,1257,63,1320,,,,,,,,,,,Y,系統
HE38887421,1,2016/5/23,測試股份有限公司,53670957,BFK0005,優良產品B0005型,個,1,1321,應稅,1258,63,1321,,,,,,,,,,,Y,系統
HE38887422,1,2016/5/23,測試股份有限公司,53670957,BFK0005,優良產品B0005型,個,1,1322,應稅,1259,63,1322,,,,,,,,,,,Y,系統
HE38887423,1,2016/5/23,測試股份有限公司,53670957,BFK0005,優良產品B0005型,個,1,1323,應稅,1260,63,1323,,,,,,,,,,,Y,系統
HE38887424,1,2016/5/23,測試股份有限公司,53670957,BFK0005,優良產品B0005型,個,1,1324,應稅,1261,63,1324,,,,,,,,,,,Y,系統
HE38887425,1,2016/5/23,測試股份有限公司,53670957,BFK0005,優良產品B0005型,個,1,1325,應稅,1262,63,1325,,,,,,,,,,,Y,系統
HE38887426,1,2016/5/23,測試股份有限公司,53670957,BFK0005,優良產品B0005型,個,1,1326,應稅,1263,63,1326,,,,,,,,,,,Y,系統
HE38887427,1,2016/5/23,測試股份有限公司,53670957,BFK0005,優良產品B0005型,個,1,1327,應稅,1264,63,1327,,,,,,,,,,,Y,系統
HE38887428,1,2016/5/23,測試股份有限公司,53670957,BFK0005,優良產品B0005型,個,1,1328,應稅,1265,63,1328,,,,,,,,,,,Y,系統
HE38887429,1,2016/5/23,測試股份有限公司,53670957,BFK0005,優良產品B0005型,個,1,1329,應稅,1266,63,1329,,,,,,,,,,,Y,系統
HE38887430,1,2016/5/23,測試股份有限公司,53670957,BFK0005,優良產品B0005型,個,1,1330,應稅,1267,63,1330,,,,,,,,,,,Y,系統
HE38887431,1,2016/5/23,測試股份有限公司,53670957,BFK0005,優良產品B0005型,個,1,1331,應稅,1268,63,1331,,,,,,,,,,,Y,系統
HE38887432,1,2016/5/23,測試股份有限公司,53670957,BFK0005,優良產品B0005型,個,1,1332,應稅,1269,63,1332,,,,,,,,,,,Y,系統
HE38887433,1,2016/5/23,測試股份有限公司,53670957,BFK0005,優良產品B0005型,個,1,1333,應稅,1270,63,1333,,,,,,,,,,,Y,系統
HE38887434,1,2016/5/23,測試股份有限公司,53670957,BFK0005,優良產品B0005型,個,1,1334,應稅,1270,64,1334,,,,,,,,,,,Y,系統
HE38887435,1,2016/5/23,測試股份有限公司,53670957,BFK0005,優良產品B0005型,個,1,1335,應稅,1271,64,1335,,,,,,,,,,,Y,系統
HE38887436,1,2016/5/23,測試股份有限公司,53670957,BFK0005,優良產品B0005型,個,1,1336,應稅,1272,64,1336,,,,,,,,,,,Y,系統
HE38887437,1,2016/5/23,測試股份有限公司,53670957,BFK0005,優良產品B0005型,個,1,1337,應稅,1273,64,1337,,,,,,,,,,,Y,系統
HE38887438,1,2016/5/23,測試股份有限公司,53670957,BFK0005,優良產品B0005型,個,1,1338,應稅,1274,64,1338,,,,,,,,,,,Y,系統
HE38887439,1,2016/5/23,測試股份有限公司,53670957,BFK0005,優良產品B0005型,個,1,1339,應稅,1275,64,1339,,,,,,,,,,,Y,系統
HE38887440,1,2016/5/23,測試股份有限公司,53670957,BFK0005,優良產品B0005型,個,1,1340,應稅,1276,64,1340,,,,,,,,,,,Y,系統
HE38887441,1,2016/5/23,測試股份有限公司,53670957,BFK0005,優良產品B0005型,個,1,1341,應稅,1277,64,1341,,,,,,,,,,,Y,系統
HE38887442,1,2016/5/23,測試股份有限公司,53670957,BFK0005,優良產品B0005型,個,1,1342,應稅,1278,64,1342,,,,,,,,,,,Y,系統
HE38887443,1,2016/5/23,測試股份有限公司,53670957,BFK0005,優良產品B0005型,個,1,1343,應稅,1279,64,1343,,,,,,,,,,,Y,系統
HE38887444,1,2016/5/23,測試股份有限公司,53670957,BFK0005,優良產品B0005型,個,1,1344,應稅,1280,64,1344,,,,,,,,,,,Y,系統
HE38887445,1,2016/5/23,測試股份有限公司,53670957,BFK0005,優良產品B0005型,個,1,1345,應稅,1281,64,1345,,,,,,,,,,,Y,系統
HE38887446,1,2016/5/23,測試股份有限公司,53670957,BFK0005,優良產品B0005型,個,1,1346,應稅,1282,64,1346,,,,,,,,,,,Y,系統
HE38887447,1,2016/5/23,測試股份有限公司,53670957,BFK0005,優良產品B0005型,個,1,1347,應稅,1283,64,1347,,,,,,,,,,,Y,系統
HE38887448,1,2016/5/23,測試股份有限公司,53670957,BFK0005,優良產品B0005型,個,1,1348,應稅,1284,64,1348,,,,,,,,,,,Y,系統
HE38887449,1,2016/5/23,測試股份有限公司,53670957,BFK0005,優良產品B0005型,個,1,1349,應稅,1285,64,1349,,,,,,,,,,,Y,系統
HE38887450,1,2016/5/23,測試股份有限公司,53670957,BFK0005,優良產品B0005型,個,1,1350,應稅,1286,64,1350,,,,,,,,,,,Y,系統
HE38887451,1,2016/5/23,測試股份有限公司,53670957,BFK0005,優良產品B0005型,個,1,1351,應稅,1287,64,1351,,,,,,,,,,,Y,系統
HE38887452,1,2016/5/23,測試股份有限公司,53670957,BFK0005,優良產品B0005型,個,1,1352,應稅,1288,64,1352,,,,,,,,,,,Y,系統
HE38887453,1,2016/5/23,測試股份有限公司,53670957,BFK0005,優良產品B0005型,個,1,1353,應稅,1289,64,1353,,,,,,,,,,,Y,系統
HE38887454,1,2016/5/23,測試股份有限公司,53670957,BFK0005,優良產品B0005型,個,1,1354,應稅,1290,64,1354,,,,,,,,,,,Y,系統
HE38887455,1,2016/5/23,測試股份有限公司,53670957,BFK0005,優良產品B0005型,個,1,1355,應稅,1290,65,1355,,,,,,,,,,,Y,系統
HE38887456,1,2016/5/23,測試股份有限公司,53670957,BFK0005,優良產品B0005型,個,1,1356,應稅,1291,65,1356,,,,,,,,,,,Y,系統
HE38887457,1,2016/5/23,測試股份有限公司,53670957,BFK0005,優良產品B0005型,個,1,1357,應稅,1292,65,1357,,,,,,,,,,,Y,系統
HE38887458,1,2016/5/23,測試股份有限公司,53670957,BFK0005,優良產品B0005型,個,1,1358,應稅,1293,65,1358,,,,,,,,,,,Y,系統
HE38887459,1,2016/5/23,測試股份有限公司,53670957,BFK0005,優良產品B0005型,個,1,1359,應稅,1294,65,1359,,,,,,,,,,,Y,系統
HE38887460,1,2016/5/23,測試股份有限公司,53670957,BFK0005,優良產品B0005型,個,1,1360,應稅,1295,65,1360,,,,,,,,,,,Y,系統
HE38887461,1,2016/5/23,測試股份有限公司,53670957,BFK0005,優良產品B0005型,個,1,1361,應稅,1296,65,1361,,,,,,,,,,,Y,系統
HE38887462,1,2016/5/23,測試股份有限公司,53670957,BFK0005,優良產品B0005型,個,1,1362,應稅,1297,65,1362,,,,,,,,,,,Y,系統
HE38887463,1,2016/5/23,測試股份有限公司,53670957,BFK0005,優良產品B0005型,個,1,1363,應稅,1298,65,1363,,,,,,,,,,,Y,系統
HE38887464,1,2016/5/23,測試股份有限公司,53670957,BFK0005,優良產品B0005型,個,1,1364,應稅,1299,65,1364,,,,,,,,,,,Y,系統
HE38887465,1,2016/5/23,測試股份有限公司,53670957,BFK0005,優良產品B0005型,個,1,1365,應稅,1300,65,1365,,,,,,,,,,,Y,系統
HE38887466,1,2016/5/23,測試股份有限公司,53670957,BFK0005,優良產品B0005型,個,1,1366,應稅,1301,65,1366,,,,,,,,,,,Y,系統
HE38887467,1,2016/5/23,測試股份有限公司,53670957,BFK0005,優良產品B0005型,個,1,1367,應稅,1302,65,1367,,,,,,,,,,,Y,系統
HE38887468,1,2016/5/23,測試股份有限公司,53670957,BFK0005,優良產品B0005型,個,1,1368,應稅,1303,65,1368,,,,,,,,,,,Y,系統
HE38887469,1,2016/5/23,測試股份有限公司,53670957,BFK0005,優良產品B0005型,個,1,1369,應稅,1304,65,1369,,,,,,,,,,,Y,系統
HE38887470,1,2016/5/23,測試股份有限公司,53670957,BFK0005,優良產品B0005型,個,1,1370,應稅,1305,65,1370,,,,,,,,,,,Y,系統
HE38887471,1,2016/5/23,測試股份有限公司,53670957,BFK0005,優良產品B0005型,個,1,1371,應稅,1306,65,1371,,,,,,,,,,,Y,系統
HE38887472,1,2016/5/23,測試股份有限公司,53670957,BFK0005,優良產品B0005型,個,1,1372,應稅,1307,65,1372,,,,,,,,,,,Y,系統
HE38887473,1,2016/5/23,測試股份有限公司,53670957,BFK0005,優良產品B0005型,個,1,1373,應稅,1308,65,1373,,,,,,,,,,,Y,系統
HE38887474,1,2016/5/23,測試股份有限公司,53670957,BFK0005,優良產品B0005型,個,1,1374,應稅,1309,65,1374,,,,,,,,,,,Y,系統
HE38887475,1,2016/5/23,測試股份有限公司,53670957,BFK0005,優良產品B0005型,個,1,1375,應稅,1310,65,1375,,,,,,,,,,,Y,系統
HE38887476,1,2016/5/23,測試股份有限公司,53670957,BFK0005,優良產品B0005型,個,1,1376,應稅,1310,66,1376,,,,,,,,,,,Y,系統
HE38887477,1,2016/5/23,測試股份有限公司,53670957,BFK0005,優良產品B0005型,個,1,1377,應稅,1311,66,1377,,,,,,,,,,,Y,系統
HE38887478,1,2016/5/23,測試股份有限公司,53670957,BFK0005,優良產品B0005型,個,1,1378,應稅,1312,66,1378,,,,,,,,,,,Y,系統
HE38887479,1,2016/5/23,測試股份有限公司,53670957,BFK0005,優良產品B0005型,個,1,1379,應稅,1313,66,1379,,,,,,,,,,,Y,系統
HE38887480,1,2016/5/23,測試股份有限公司,53670957,BFK0005,優良產品B0005型,個,1,1380,應稅,1314,66,1380,,,,,,,,,,,Y,系統
HE38887481,1,2016/5/23,測試股份有限公司,53670957,BFK0005,優良產品B0005型,個,1,1381,應稅,1315,66,1381,,,,,,,,,,,Y,系統
HE38887482,1,2016/5/23,測試股份有限公司,53670957,BFK0005,優良產品B0005型,個,1,1382,應稅,1316,66,1382,,,,,,,,,,,Y,系統
HE38887483,1,2016/5/23,測試股份有限公司,53670957,BFK0005,優良產品B0005型,個,1,1383,應稅,1317,66,1383,,,,,,,,,,,Y,系統
HE38887484,1,2016/5/23,測試股份有限公司,53670957,BFK0005,優良產品B0005型,個,1,1384,應稅,1318,66,1384,,,,,,,,,,,Y,系統
HE38887485,1,2016/5/23,測試股份有限公司,53670957,BFK0005,優良產品B0005型,個,1,1385,應稅,1319,66,1385,,,,,,,,,,,Y,系統
HE38887486,1,2016/5/23,測試股份有限公司,53670957,BFK0005,優良產品B0005型,個,1,1386,應稅,1320,66,1386,,,,,,,,,,,Y,系統
HE38887487,1,2016/5/23,測試股份有限公司,53670957,BFK0005,優良產品B0005型,個,1,1387,應稅,1321,66,1387,,,,,,,,,,,Y,系統
HE38887488,1,2016/5/23,測試股份有限公司,53670957,BFK0005,優良產品B0005型,個,1,1388,應稅,1322,66,1388,,,,,,,,,,,Y,系統
HE38887489,1,2016/5/23,測試股份有限公司,53670957,BFK0005,優良產品B0005型,個,1,1389,應稅,1323,66,1389,,,,,,,,,,,Y,系統
HE38887490,1,2016/5/23,測試股份有限公司,53670957,BFK0005,優良產品B0005型,個,1,1390,應稅,1324,66,1390,,,,,,,,,,,Y,系統
HE38887491,1,2016/5/23,測試股份有限公司,53670957,BFK0005,優良產品B0005型,個,1,1391,應稅,1325,66,1391,,,,,,,,,,,Y,系統
HE38887492,1,2016/5/23,測試股份有限公司,53670957,BFK0005,優良產品B0005型,個,1,1392,應稅,1326,66,1392,,,,,,,,,,,Y,系統
HE38887493,1,2016/5/23,測試股份有限公司,53670957,BFK0005,優良產品B0005型,個,1,1393,應稅,1327,66,1393,,,,,,,,,,,Y,系統
HE38887494,1,2016/5/23,測試股份有限公司,53670957,BFK0005,優良產品B0005型,個,1,1394,應稅,1328,66,1394,,,,,,,,,,,Y,系統
HE38887495,1,2016/5/23,測試股份有限公司,53670957,BFK0005,優良產品B0005型,個,1,1395,應稅,1329,66,1395,,,,,,,,,,,Y,系統
HE38887496,1,2016/5/23,測試股份有限公司,53670957,BFK0005,優良產品B0005型,個,1,1396,應稅,1330,66,1396,,,,,,,,,,,Y,系統
HE38887497,1,2016/5/23,測試股份有限公司,53670957,BFK0005,優良產品B0005型,個,1,1397,應稅,1330,67,1397,,,,,,,,,,,Y,系統
HE38887498,1,2016/5/23,測試股份有限公司,53670957,BFK0005,優良產品B0005型,個,1,1398,應稅,1331,67,1398,,,,,,,,,,,Y,系統
HE38887499,1,2016/5/23,測試股份有限公司,53670957,BFK0005,優良產品B0005型,個,1,1399,應稅,1332,67,1399,,,,,,,,,,,Y,系統
HE38887500,1,2016/5/23,測試股份有限公司,53670957,BFK0005,優良產品B0005型,個,1,1400,應稅,1333,67,1400,,,,,,,,,,,Y,系統
HE38887501,1,2016/5/23,測試股份有限公司,53670957,BFK0005,優良產品B0005型,個,1,1401,應稅,1334,67,1401,,,,,,,,,,,Y,系統
HE38887502,1,2016/5/23,測試股份有限公司,53670957,BFK0005,優良產品B0005型,個,1,1402,應稅,1335,67,1402,,,,,,,,,,,Y,系統
HE38887503,1,2016/5/23,測試股份有限公司,53670957,BFK0005,優良產品B0005型,個,1,1403,應稅,1336,67,1403,,,,,,,,,,,Y,系統
HE38887504,1,2016/5/23,測試股份有限公司,53670957,BFK0005,優良產品B0005型,個,1,1404,應稅,1337,67,1404,,,,,,,,,,,Y,系統
HE38887505,1,2016/5/23,測試股份有限公司,53670957,BFK0005,優良產品B0005型,個,1,1405,應稅,1338,67,1405,,,,,,,,,,,Y,系統
HE38887506,1,2016/5/23,測試股份有限公司,53670957,BFK0005,優良產品B0005型,個,1,1406,應稅,1339,67,1406,,,,,,,,,,,Y,系統
HE38887507,1,2016/5/23,測試股份有限公司,53670957,BFK0005,優良產品B0005型,個,1,1407,應稅,1340,67,1407,,,,,,,,,,,Y,系統
HE38887508,1,2016/5/23,測試股份有限公司,53670957,BFK0005,優良產品B0005型,個,1,1408,應稅,1341,67,1408,,,,,,,,,,,Y,系統
HE38887509,1,2016/5/23,測試股份有限公司,53670957,BFK0005,優良產品B0005型,個,1,1409,應稅,1342,67,1409,,,,,,,,,,,Y,系統
HE38887510,1,2016/5/23,測試股份有限公司,53670957,BFK0005,優良產品B0005型,個,1,1410,應稅,1343,67,1410,,,,,,,,,,,Y,系統
HE38887511,1,2016/5/23,測試股份有限公司,53670957,BFK0005,優良產品B0005型,個,1,1411,應稅,1344,67,1411,,,,,,,,,,,Y,系統
HE38887512,1,2016/5/23,測試股份有限公司,53670957,BFK0005,優良產品B0005型,個,1,1412,應稅,1345,67,1412,,,,,,,,,,,Y,系統
HE38887513,1,2016/5/23,測試股份有限公司,53670957,BFK0005,優良產品B0005型,個,1,1413,應稅,1346,67,1413,,,,,,,,,,,Y,系統
HE38887514,1,2016/5/23,測試股份有限公司,53670957,BFK0005,優良產品B0005型,個,1,1414,應稅,1347,67,1414,,,,,,,,,,,Y,系統
HE38887515,1,2016/5/23,測試股份有限公司,53670957,BFK0005,優良產品B0005型,個,1,1415,應稅,1348,67,1415,,,,,,,,,,,Y,系統
HE38887516,1,2016/5/23,測試股份有限公司,53670957,BFK0005,優良產品B0005型,個,1,1416,應稅,1349,67,1416,,,,,,,,,,,Y,系統
HE38887517,1,2016/5/23,測試股份有限公司,53670957,BFK0005,優良產品B0005型,個,1,1417,應稅,1350,67,1417,,,,,,,,,,,Y,系統
HE38887518,1,2016/5/23,測試股份有限公司,53670957,BFK0005,優良產品B0005型,個,1,1418,應稅,1350,68,1418,,,,,,,,,,,Y,系統
HE38887519,1,2016/5/23,測試股份有限公司,53670957,BFK0005,優良產品B0005型,個,1,1419,應稅,1351,68,1419,,,,,,,,,,,Y,系統
HE38887520,1,2016/5/23,測試股份有限公司,53670957,BFK0005,優良產品B0005型,個,1,1420,應稅,1352,68,1420,,,,,,,,,,,Y,系統
HE38887521,1,2016/5/23,測試股份有限公司,53670957,BFK0005,優良產品B0005型,個,1,1421,應稅,1353,68,1421,,,,,,,,,,,Y,系統
HE38887522,1,2016/5/23,測試股份有限公司,53670957,BFK0005,優良產品B0005型,個,1,1422,應稅,1354,68,1422,,,,,,,,,,,Y,系統
HE38887523,1,2016/5/23,測試股份有限公司,53670957,BFK0005,優良產品B0005型,個,1,1423,應稅,1355,68,1423,,,,,,,,,,,Y,系統
HE38887524,1,2016/5/23,測試股份有限公司,53670957,BFK0005,優良產品B0005型,個,1,1424,應稅,1356,68,1424,,,,,,,,,,,Y,系統
HE38887525,1,2016/5/23,測試股份有限公司,53670957,BFK0005,優良產品B0005型,個,1,1425,應稅,1357,68,1425,,,,,,,,,,,Y,系統
HE38887526,1,2016/5/23,測試股份有限公司,53670957,BFK0005,優良產品B0005型,個,1,1426,應稅,1358,68,1426,,,,,,,,,,,Y,系統
HE38887527,1,2016/5/23,測試股份有限公司,53670957,BFK0005,優良產品B0005型,個,1,1427,應稅,1359,68,1427,,,,,,,,,,,Y,系統
HE38887528,1,2016/5/23,測試股份有限公司,53670957,BFK0005,優良產品B0005型,個,1,1428,應稅,1360,68,1428,,,,,,,,,,,Y,系統
HE38887529,1,2016/5/23,測試股份有限公司,53670957,BFK0005,優良產品B0005型,個,1,1429,應稅,1361,68,1429,,,,,,,,,,,Y,系統
HE38887530,1,2016/5/23,測試股份有限公司,53670957,BFK0005,優良產品B0005型,個,1,1430,應稅,1362,68,1430,,,,,,,,,,,Y,系統
HE38887531,1,2016/5/23,測試股份有限公司,53670957,BFK0005,優良產品B0005型,個,1,1431,應稅,1363,68,1431,,,,,,,,,,,Y,系統
HE38887532,1,2016/5/23,測試股份有限公司,53670957,BFK0005,優良產品B0005型,個,1,1432,應稅,1364,68,1432,,,,,,,,,,,Y,系統
HE38887533,1,2016/5/23,測試股份有限公司,53670957,BFK0005,優良產品B0005型,個,1,1433,應稅,1365,68,1433,,,,,,,,,,,Y,系統
HE38887534,1,2016/5/23,測試股份有限公司,53670957,BFK0005,優良產品B0005型,個,1,1434,應稅,1366,68,1434,,,,,,,,,,,Y,系統
HE38887535,1,2016/5/23,測試股份有限公司,53670957,BFK0005,優良產品B0005型,個,1,1435,應稅,1367,68,1435,,,,,,,,,,,Y,系統
HE38887536,1,2016/5/23,測試股份有限公司,53670957,BFK0005,優良產品B0005型,個,1,1436,應稅,1368,68,1436,,,,,,,,,,,Y,系統
HE38887537,1,2016/5/23,測試股份有限公司,53670957,BFK0005,優良產品B0005型,個,1,1437,應稅,1369,68,1437,,,,,,,,,,,Y,系統
HE38887538,1,2016/5/23,測試股份有限公司,53670957,BFK0005,優良產品B0005型,個,1,1438,應稅,1370,68,1438,,,,,,,,,,,Y,系統
HE38887539,1,2016/5/23,測試股份有限公司,53670957,BFK0005,優良產品B0005型,個,1,1439,應稅,1370,69,1439,,,,,,,,,,,Y,系統
HE38887540,1,2016/5/23,測試股份有限公司,53670957,BFK0005,優良產品B0005型,個,1,1440,應稅,1371,69,1440,,,,,,,,,,,Y,系統
HE38887541,1,2016/5/23,測試股份有限公司,53670957,BFK0005,優良產品B0005型,個,1,1441,應稅,1372,69,1441,,,,,,,,,,,Y,系統
HE38887542,1,2016/5/23,測試股份有限公司,53670957,BFK0005,優良產品B0005型,個,1,1442,應稅,1373,69,1442,,,,,,,,,,,Y,系統
HE38887543,1,2016/5/23,測試股份有限公司,53670957,BFK0005,優良產品B0005型,個,1,1443,應稅,1374,69,1443,,,,,,,,,,,Y,系統
HE38887544,1,2016/5/23,測試股份有限公司,53670957,BFK0005,優良產品B0005型,個,1,1444,應稅,1375,69,1444,,,,,,,,,,,Y,系統
HE38887545,1,2016/5/23,測試股份有限公司,53670957,BFK0005,優良產品B0005型,個,1,1445,應稅,1376,69,1445,,,,,,,,,,,Y,系統
HE38887546,1,2016/5/23,測試股份有限公司,53670957,BFK0005,優良產品B0005型,個,1,1446,應稅,1377,69,1446,,,,,,,,,,,Y,系統
HE38887547,1,2016/5/23,測試股份有限公司,53670957,BFK0005,優良產品B0005型,個,1,1447,應稅,1378,69,1447,,,,,,,,,,,Y,系統
HE38887548,1,2016/5/23,測試股份有限公司,53670957,BFK0005,優良產品B0005型,個,1,1448,應稅,1379,69,1448,,,,,,,,,,,Y,系統
HE38887549,1,2016/5/23,測試股份有限公司,53670957,BFK0005,優良產品B0005型,個,1,1449,應稅,1380,69,1449,,,,,,,,,,,Y,系統
HE38887550,1,2016/5/23,測試股份有限公司,53670957,BFK0005,優良產品B0005型,個,1,1450,應稅,1381,69,1450,,,,,,,,,,,Y,系統
HE38887551,1,2016/5/23,測試股份有限公司,53670957,BFK0005,優良產品B0005型,個,1,1451,應稅,1382,69,1451,,,,,,,,,,,Y,系統
HE38887552,1,2016/5/23,測試股份有限公司,53670957,BFK0005,優良產品B0005型,個,1,1452,應稅,1383,69,1452,,,,,,,,,,,Y,系統
HE38887553,1,2016/5/23,測試股份有限公司,53670957,BFK0005,優良產品B0005型,個,1,1453,應稅,1384,69,1453,,,,,,,,,,,Y,系統
HE38887554,1,2016/5/23,測試股份有限公司,53670957,BFK0005,優良產品B0005型,個,1,1454,應稅,1385,69,1454,,,,,,,,,,,Y,系統
HE38887555,1,2016/5/23,測試股份有限公司,53670957,BFK0005,優良產品B0005型,個,1,1455,應稅,1386,69,1455,,,,,,,,,,,Y,系統
HE38887556,1,2016/5/23,測試股份有限公司,53670957,BFK0005,優良產品B0005型,個,1,1456,應稅,1387,69,1456,,,,,,,,,,,Y,系統
HE38887557,1,2016/5/23,測試股份有限公司,53670957,BFK0005,優良產品B0005型,個,1,1457,應稅,1388,69,1457,,,,,,,,,,,Y,系統
HE38887558,1,2016/5/23,測試股份有限公司,53670957,BFK0005,優良產品B0005型,個,1,1458,應稅,1389,69,1458,,,,,,,,,,,Y,系統
HE38887559,1,2016/5/23,測試股份有限公司,53670957,BFK0005,優良產品B0005型,個,1,1459,應稅,1390,69,1459,,,,,,,,,,,Y,系統
HE38887560,1,2016/5/23,測試股份有限公司,53670957,BFK0005,優良產品B0005型,個,1,1460,應稅,1390,70,1460,,,,,,,,,,,Y,系統
HE38887561,1,2016/5/23,測試股份有限公司,53670957,BFK0005,優良產品B0005型,個,1,1461,應稅,1391,70,1461,,,,,,,,,,,Y,系統
HE38887562,1,2016/5/23,測試股份有限公司,53670957,BFK0005,優良產品B0005型,個,1,1462,應稅,1392,70,1462,,,,,,,,,,,Y,系統
HE38887563,1,2016/5/23,測試股份有限公司,53670957,BFK0005,優良產品B0005型,個,1,1463,應稅,1393,70,1463,,,,,,,,,,,Y,系統
HE38887564,1,2016/5/23,測試股份有限公司,53670957,BFK0005,優良產品B0005型,個,1,1464,應稅,1394,70,1464,,,,,,,,,,,Y,系統
HE38887565,1,2016/5/23,測試股份有限公司,53670957,BFK0005,優良產品B0005型,個,1,1465,應稅,1395,70,1465,,,,,,,,,,,Y,系統
HE38887566,1,2016/5/23,測試股份有限公司,53670957,BFK0005,優良產品B0005型,個,1,1466,應稅,1396,70,1466,,,,,,,,,,,Y,系統
HE38887567,1,2016/5/23,測試股份有限公司,53670957,BFK0005,優良產品B0005型,個,1,1467,應稅,1397,70,1467,,,,,,,,,,,Y,系統
HE38887568,1,2016/5/23,測試股份有限公司,53670957,BFK0005,優良產品B0005型,個,1,1468,應稅,1398,70,1468,,,,,,,,,,,Y,系統
HE38887569,1,2016/5/23,測試股份有限公司,53670957,BFK0005,優良產品B0005型,個,1,1469,應稅,1399,70,1469,,,,,,,,,,,Y,系統
HE38887570,1,2016/5/23,測試股份有限公司,53670957,BFK0005,優良產品B0005型,個,1,1470,應稅,1400,70,1470,,,,,,,,,,,Y,系統
HE38887571,1,2016/5/23,測試股份有限公司,53670957,BFK0005,優良產品B0005型,個,1,1471,應稅,1401,70,1471,,,,,,,,,,,Y,系統
HE38887572,1,2016/5/23,測試股份有限公司,53670957,BFK0005,優良產品B0005型,個,1,1472,應稅,1402,70,1472,,,,,,,,,,,Y,系統
HE38887573,1,2016/5/23,測試股份有限公司,53670957,BFK0005,優良產品B0005型,個,1,1473,應稅,1403,70,1473,,,,,,,,,,,Y,系統
HE38887574,1,2016/5/23,測試股份有限公司,53670957,BFK0005,優良產品B0005型,個,1,1474,應稅,1404,70,1474,,,,,,,,,,,Y,系統
HE38887575,1,2016/5/23,測試股份有限公司,53670957,BFK0005,優良產品B0005型,個,1,1475,應稅,1405,70,1475,,,,,,,,,,,Y,系統
HE38887576,1,2016/5/23,測試股份有限公司,53670957,BFK0005,優良產品B0005型,個,1,1476,應稅,1406,70,1476,,,,,,,,,,,Y,系統
HE38887577,1,2016/5/23,測試股份有限公司,53670957,BFK0005,優良產品B0005型,個,1,1477,應稅,1407,70,1477,,,,,,,,,,,Y,系統
HE38887578,1,2016/5/23,測試股份有限公司,53670957,BFK0005,優良產品B0005型,個,1,1478,應稅,1408,70,1478,,,,,,,,,,,Y,系統
HE38887579,1,2016/5/23,測試股份有限公司,53670957,BFK0005,優良產品B0005型,個,1,1479,應稅,1409,70,1479,,,,,,,,,,,Y,系統
HE38887580,1,2016/5/23,測試股份有限公司,53670957,BFK0005,優良產品B0005型,個,1,1480,應稅,1410,70,1480,,,,,,,,,,,Y,系統
HE38887581,1,2016/5/23,測試股份有限公司,53670957,BFK0005,優良產品B0005型,個,1,1481,應稅,1410,71,1481,,,,,,,,,,,Y,系統
HE38887582,1,2016/5/23,測試股份有限公司,53670957,BFK0005,優良產品B0005型,個,1,1482,應稅,1411,71,1482,,,,,,,,,,,Y,系統
HE38887583,1,2016/5/23,測試股份有限公司,53670957,BFK0005,優良產品B0005型,個,1,1483,應稅,1412,71,1483,,,,,,,,,,,Y,系統
HE38887584,1,2016/5/23,測試股份有限公司,53670957,BFK0005,優良產品B0005型,個,1,1484,應稅,1413,71,1484,,,,,,,,,,,Y,系統
HE38887585,1,2016/5/23,測試股份有限公司,53670957,BFK0005,優良產品B0005型,個,1,1485,應稅,1414,71,1485,,,,,,,,,,,Y,系統
HE38887586,1,2016/5/23,測試股份有限公司,53670957,BFK0005,優良產品B0005型,個,1,1486,應稅,1415,71,1486,,,,,,,,,,,Y,系統
HE38887587,1,2016/5/23,測試股份有限公司,53670957,BFK0005,優良產品B0005型,個,1,1487,應稅,1416,71,1487,,,,,,,,,,,Y,系統
HE38887588,1,2016/5/23,測試股份有限公司,53670957,BFK0005,優良產品B0005型,個,1,1488,應稅,1417,71,1488,,,,,,,,,,,Y,系統
HE38887589,1,2016/5/23,測試股份有限公司,53670957,BFK0005,優良產品B0005型,個,1,1489,應稅,1418,71,1489,,,,,,,,,,,Y,系統
HE38887590,1,2016/5/23,測試股份有限公司,53670957,BFK0005,優良產品B0005型,個,1,1490,應稅,1419,71,1490,,,,,,,,,,,Y,系統
HE38887591,1,2016/5/23,測試股份有限公司,53670957,BFK0005,優良產品B0005型,個,1,1491,應稅,1420,71,1491,,,,,,,,,,,Y,系統
HE38887592,1,2016/5/23,測試股份有限公司,53670957,BFK0005,優良產品B0005型,個,1,1492,應稅,1421,71,1492,,,,,,,,,,,Y,系統
HE38887593,1,2016/5/23,測試股份有限公司,53670957,BFK0005,優良產品B0005型,個,1,1493,應稅,1422,71,1493,,,,,,,,,,,Y,系統
HE38887594,1,2016/5/23,測試股份有限公司,53670957,BFK0005,優良產品B0005型,個,1,1494,應稅,1423,71,1494,,,,,,,,,,,Y,系統
HE38887595,1,2016/5/23,測試股份有限公司,53670957,BFK0005,優良產品B0005型,個,1,1495,應稅,1424,71,1495,,,,,,,,,,,Y,系統
HE38887596,1,2016/5/23,測試股份有限公司,53670957,BFK0005,優良產品B0005型,個,1,1496,應稅,1425,71,1496,,,,,,,,,,,Y,系統
HE38887597,1,2016/5/23,測試股份有限公司,53670957,BFK0005,優良產品B0005型,個,1,1497,應稅,1426,71,1497,,,,,,,,,,,Y,系統
HE38887598,1,2016/5/23,測試股份有限公司,53670957,BFK0005,優良產品B0005型,個,1,1498,應稅,1427,71,1498,,,,,,,,,,,Y,系統
HE38887599,1,2016/5/23,測試股份有限公司,53670957,BFK0005,優良產品B0005型,個,1,1499,應稅,1428,71,1499,,,,,,,,,,,Y,系統
HE38887600,1,2016/5/23,測試股份有限公司,53670957,BFK0005,優良產品B0005型,個,1,1500,應稅,1429,71,1500,,,,,,,,,,,Y,系統
HE38887601,1,2016/5/23,測試股份有限公司,53670957,BFK0005,優良產品B0005型,個,1,1501,應稅,1430,71,1501,,,,,,,,,,,Y,系統
HE38887602,1,2016/5/23,測試股份有限公司,53670957,BFK0005,優良產品B0005型,個,1,1502,應稅,1430,72,1502,,,,,,,,,,,Y,系統
HE38887603,1,2016/5/23,測試股份有限公司,53670957,BFK0005,優良產品B0005型,個,1,1503,應稅,1431,72,1503,,,,,,,,,,,Y,系統
HE38887604,1,2016/5/23,測試股份有限公司,53670957,BFK0005,優良產品B0005型,個,1,1504,應稅,1432,72,1504,,,,,,,,,,,Y,系統
HE38887605,1,2016/5/23,測試股份有限公司,53670957,BFK0005,優良產品B0005型,個,1,1505,應稅,1433,72,1505,,,,,,,,,,,Y,系統
HE38887606,1,2016/5/23,測試股份有限公司,53670957,BFK0005,優良產品B0005型,個,1,1506,應稅,1434,72,1506,,,,,,,,,,,Y,系統
HE38887607,1,2016/5/23,測試股份有限公司,53670957,BFK0005,優良產品B0005型,個,1,1507,應稅,1435,72,1507,,,,,,,,,,,Y,系統
HE38887608,1,2016/5/23,測試股份有限公司,53670957,BFK0005,優良產品B0005型,個,1,1508,應稅,1436,72,1508,,,,,,,,,,,Y,系統
HE38887609,1,2016/5/23,測試股份有限公司,53670957,BFK0005,優良產品B0005型,個,1,1509,應稅,1437,72,1509,,,,,,,,,,,Y,系統
HE38887610,1,2016/5/23,測試股份有限公司,53670957,BFK0005,優良產品B0005型,個,1,1510,應稅,1438,72,1510,,,,,,,,,,,Y,系統
HE38887611,1,2016/5/23,測試股份有限公司,53670957,BFK0005,優良產品B0005型,個,1,1511,應稅,1439,72,1511,,,,,,,,,,,Y,系統
HE38887612,1,2016/5/23,測試股份有限公司,53670957,BFK0005,優良產品B0005型,個,1,1512,應稅,1440,72,1512,,,,,,,,,,,Y,系統
HE38887613,1,2016/5/23,測試股份有限公司,53670957,BFK0005,優良產品B0005型,個,1,1513,應稅,1441,72,1513,,,,,,,,,,,Y,系統
HE38887614,1,2016/5/23,測試股份有限公司,53670957,BFK0005,優良產品B0005型,個,1,1514,應稅,1442,72,1514,,,,,,,,,,,Y,系統
HE38887615,1,2016/5/23,測試股份有限公司,53670957,BFK0005,優良產品B0005型,個,1,1515,應稅,1443,72,1515,,,,,,,,,,,Y,系統
HE38887616,1,2016/5/23,測試股份有限公司,53670957,BFK0005,優良產品B0005型,個,1,1516,應稅,1444,72,1516,,,,,,,,,,,Y,系統
HE38887617,1,2016/5/23,測試股份有限公司,53670957,BFK0005,優良產品B0005型,個,1,1517,應稅,1445,72,1517,,,,,,,,,,,Y,系統
HE38887618,1,2016/5/23,測試股份有限公司,53670957,BFK0005,優良產品B0005型,個,1,1518,應稅,1446,72,1518,,,,,,,,,,,Y,系統
HE38887619,1,2016/5/23,測試股份有限公司,53670957,BFK0005,優良產品B0005型,個,1,1519,應稅,1447,72,1519,,,,,,,,,,,Y,系統
HE38887620,1,2016/5/23,測試股份有限公司,53670957,BFK0005,優良產品B0005型,個,1,1520,應稅,1448,72,1520,,,,,,,,,,,Y,系統
HE38887621,1,2016/5/23,測試股份有限公司,53670957,BFK0005,優良產品B0005型,個,1,1521,應稅,1449,72,1521,,,,,,,,,,,Y,系統
HE38887622,1,2016/5/23,測試股份有限公司,53670957,BFK0005,優良產品B0005型,個,1,1522,應稅,1450,72,1522,,,,,,,,,,,Y,系統
HE38887623,1,2016/5/23,測試股份有限公司,53670957,BFK0005,優良產品B0005型,個,1,1523,應稅,1450,73,1523,,,,,,,,,,,Y,系統
HE38887624,1,2016/5/23,測試股份有限公司,53670957,BFK0005,優良產品B0005型,個,1,1524,應稅,1451,73,1524,,,,,,,,,,,Y,系統
HE38887625,1,2016/5/23,測試股份有限公司,53670957,BFK0005,優良產品B0005型,個,1,1525,應稅,1452,73,1525,,,,,,,,,,,Y,系統
HE38887626,1,2016/5/23,測試股份有限公司,53670957,BFK0005,優良產品B0005型,個,1,1526,應稅,1453,73,1526,,,,,,,,,,,Y,系統
HE38887627,1,2016/5/23,測試股份有限公司,53670957,BFK0005,優良產品B0005型,個,1,1527,應稅,1454,73,1527,,,,,,,,,,,Y,系統
HE38887628,1,2016/5/23,測試股份有限公司,53670957,BFK0005,優良產品B0005型,個,1,1528,應稅,1455,73,1528,,,,,,,,,,,Y,系統
HE38887629,1,2016/5/23,測試股份有限公司,53670957,BFK0005,優良產品B0005型,個,1,1529,應稅,1456,73,1529,,,,,,,,,,,Y,系統
HE38887630,1,2016/5/23,測試股份有限公司,53670957,BFK0005,優良產品B0005型,個,1,1530,應稅,1457,73,1530,,,,,,,,,,,Y,系統
HE38887631,1,2016/5/23,測試股份有限公司,53670957,BFK0005,優良產品B0005型,個,1,1531,應稅,1458,73,1531,,,,,,,,,,,Y,系統
HE38887632,1,2016/5/23,測試股份有限公司,53670957,BFK0005,優良產品B0005型,個,1,1532,應稅,1459,73,1532,,,,,,,,,,,Y,系統
HE38887633,1,2016/5/23,測試股份有限公司,53670957,BFK0005,優良產品B0005型,個,1,1533,應稅,1460,73,1533,,,,,,,,,,,Y,系統
HE38887634,1,2016/5/23,測試股份有限公司,53670957,BFK0005,優良產品B0005型,個,1,1534,應稅,1461,73,1534,,,,,,,,,,,Y,系統
HE38887635,1,2016/5/23,測試股份有限公司,53670957,BFK0005,優良產品B0005型,個,1,1535,應稅,1462,73,1535,,,,,,,,,,,Y,系統
HE38887636,1,2016/5/23,測試股份有限公司,53670957,BFK0005,優良產品B0005型,個,1,1536,應稅,1463,73,1536,,,,,,,,,,,Y,系統
HE38887637,1,2016/5/23,測試股份有限公司,53670957,BFK0005,優良產品B0005型,個,1,1537,應稅,1464,73,1537,,,,,,,,,,,Y,系統
HE38887638,1,2016/5/23,測試股份有限公司,53670957,BFK0005,優良產品B0005型,個,1,1538,應稅,1465,73,1538,,,,,,,,,,,Y,系統
HE38887639,1,2016/5/23,測試股份有限公司,53670957,BFK0005,優良產品B0005型,個,1,1539,應稅,1466,73,1539,,,,,,,,,,,Y,系統
HE38887640,1,2016/5/23,測試股份有限公司,53670957,BFK0005,優良產品B0005型,個,1,1540,應稅,1467,73,1540,,,,,,,,,,,Y,系統
HE38887641,1,2016/5/23,測試股份有限公司,53670957,BFK0005,優良產品B0005型,個,1,1541,應稅,1468,73,1541,,,,,,,,,,,Y,系統
HE38887642,1,2016/5/23,測試股份有限公司,53670957,BFK0005,優良產品B0005型,個,1,1542,應稅,1469,73,1542,,,,,,,,,,,Y,系統
HE38887643,1,2016/5/23,測試股份有限公司,53670957,BFK0005,優良產品B0005型,個,1,1543,應稅,1470,73,1543,,,,,,,,,,,Y,系統
HE38887644,1,2016/5/23,測試股份有限公司,53670957,BFK0005,優良產品B0005型,個,1,1544,應稅,1470,74,1544,,,,,,,,,,,Y,系統
HE38887645,1,2016/5/23,測試股份有限公司,53670957,BFK0005,優良產品B0005型,個,1,1545,應稅,1471,74,1545,,,,,,,,,,,Y,系統
HE38887646,1,2016/5/23,測試股份有限公司,53670957,BFK0005,優良產品B0005型,個,1,1546,應稅,1472,74,1546,,,,,,,,,,,Y,系統
HE38887647,1,2016/5/23,測試股份有限公司,53670957,BFK0005,優良產品B0005型,個,1,1547,應稅,1473,74,1547,,,,,,,,,,,Y,系統
HE38887648,1,2016/5/23,測試股份有限公司,53670957,BFK0005,優良產品B0005型,個,1,1548,應稅,1474,74,1548,,,,,,,,,,,Y,系統
HE38887649,1,2016/5/23,測試股份有限公司,53670957,BFK0005,優良產品B0005型,個,1,1549,應稅,1475,74,1549,,,,,,,,,,,Y,系統
HE38887650,1,2016/5/23,測試股份有限公司,53670957,BFK0005,優良產品B0005型,個,1,1550,應稅,1476,74,1550,,,,,,,,,,,Y,系統
HE38887651,1,2016/5/23,測試股份有限公司,53670957,BFK0005,優良產品B0005型,個,1,1551,應稅,1477,74,1551,,,,,,,,,,,Y,系統
HE38887652,1,2016/5/23,測試股份有限公司,53670957,BFK0005,優良產品B0005型,個,1,1552,應稅,1478,74,1552,,,,,,,,,,,Y,系統
HE38887653,1,2016/5/23,測試股份有限公司,53670957,BFK0005,優良產品B0005型,個,1,1553,應稅,1479,74,1553,,,,,,,,,,,Y,系統
HE38887654,1,2016/5/23,測試股份有限公司,53670957,BFK0005,優良產品B0005型,個,1,1554,應稅,1480,74,1554,,,,,,,,,,,Y,系統
HE38887655,1,2016/5/23,測試股份有限公司,53670957,BFK0005,優良產品B0005型,個,1,1555,應稅,1481,74,1555,,,,,,,,,,,Y,系統
HE38887656,1,2016/5/23,測試股份有限公司,53670957,BFK0005,優良產品B0005型,個,1,1556,應稅,1482,74,1556,,,,,,,,,,,Y,系統
HE38887657,1,2016/5/23,測試股份有限公司,53670957,BFK0005,優良產品B0005型,個,1,1557,應稅,1483,74,1557,,,,,,,,,,,Y,系統
HE38887658,1,2016/5/23,測試股份有限公司,53670957,BFK0005,優良產品B0005型,個,1,1558,應稅,1484,74,1558,,,,,,,,,,,Y,系統
HE38887659,1,2016/5/23,測試股份有限公司,53670957,BFK0005,優良產品B0005型,個,1,1559,應稅,1485,74,1559,,,,,,,,,,,Y,系統
HE38887660,1,2016/5/23,測試股份有限公司,53670957,BFK0005,優良產品B0005型,個,1,1560,應稅,1486,74,1560,,,,,,,,,,,Y,系統
HE38887661,1,2016/5/23,測試股份有限公司,53670957,BFK0005,優良產品B0005型,個,1,1561,應稅,1487,74,1561,,,,,,,,,,,Y,系統
HE38887662,1,2016/5/23,測試股份有限公司,53670957,BFK0005,優良產品B0005型,個,1,1562,應稅,1488,74,1562,,,,,,,,,,,Y,系統
HE38887663,1,2016/5/23,測試股份有限公司,53670957,BFK0005,優良產品B0005型,個,1,1563,應稅,1489,74,1563,,,,,,,,,,,Y,系統
HE38887664,1,2016/5/23,測試股份有限公司,53670957,BFK0005,優良產品B0005型,個,1,1564,應稅,1490,74,1564,,,,,,,,,,,Y,系統
HE38887665,1,2016/5/23,測試股份有限公司,53670957,BFK0005,優良產品B0005型,個,1,1565,應稅,1490,75,1565,,,,,,,,,,,Y,系統
HE38887666,1,2016/5/23,測試股份有限公司,53670957,BFK0005,優良產品B0005型,個,1,1566,應稅,1491,75,1566,,,,,,,,,,,Y,系統
HE38887667,1,2016/5/23,測試股份有限公司,53670957,BFK0005,優良產品B0005型,個,1,1567,應稅,1492,75,1567,,,,,,,,,,,Y,系統
HE38887668,1,2016/5/23,測試股份有限公司,53670957,BFK0005,優良產品B0005型,個,1,1568,應稅,1493,75,1568,,,,,,,,,,,Y,系統
HE38887669,1,2016/5/23,測試股份有限公司,53670957,BFK0005,優良產品B0005型,個,1,1569,應稅,1494,75,1569,,,,,,,,,,,Y,系統
HE38887670,1,2016/5/23,測試股份有限公司,53670957,BFK0005,優良產品B0005型,個,1,1570,應稅,1495,75,1570,,,,,,,,,,,Y,系統
HE38887671,1,2016/5/23,測試股份有限公司,53670957,BFK0005,優良產品B0005型,個,1,1571,應稅,1496,75,1571,,,,,,,,,,,Y,系統
HE38887672,1,2016/5/23,測試股份有限公司,53670957,BFK0005,優良產品B0005型,個,1,1572,應稅,1497,75,1572,,,,,,,,,,,Y,系統
HE38887673,1,2016/5/23,測試股份有限公司,53670957,BFK0005,優良產品B0005型,個,1,1573,應稅,1498,75,1573,,,,,,,,,,,Y,系統
HE38887674,1,2016/5/23,測試股份有限公司,53670957,BFK0005,優良產品B0005型,個,1,1574,應稅,1499,75,1574,,,,,,,,,,,Y,系統
HE38887675,1,2016/5/23,測試股份有限公司,53670957,BFK0005,優良產品B0005型,個,1,1575,應稅,1500,75,1575,,,,,,,,,,,Y,系統
HE38887676,1,2016/5/23,測試股份有限公司,53670957,BFK0005,優良產品B0005型,個,1,1576,應稅,1501,75,1576,,,,,,,,,,,Y,系統
HE38887677,1,2016/5/23,測試股份有限公司,53670957,BFK0005,優良產品B0005型,個,1,1577,應稅,1502,75,1577,,,,,,,,,,,Y,系統
HE38887678,1,2016/5/23,測試股份有限公司,53670957,BFK0005,優良產品B0005型,個,1,1578,應稅,1503,75,1578,,,,,,,,,,,Y,系統
HE38887679,1,2016/5/23,測試股份有限公司,53670957,BFK0005,優良產品B0005型,個,1,1579,應稅,1504,75,1579,,,,,,,,,,,Y,系統
HE38887680,1,2016/5/23,測試股份有限公司,53670957,BFK0005,優良產品B0005型,個,1,1580,應稅,1505,75,1580,,,,,,,,,,,Y,系統
HE38887681,1,2016/5/23,測試股份有限公司,53670957,BFK0005,優良產品B0005型,個,1,1581,應稅,1506,75,1581,,,,,,,,,,,Y,系統
HE38887682,1,2016/5/23,測試股份有限公司,53670957,BFK0005,優良產品B0005型,個,1,1582,應稅,1507,75,1582,,,,,,,,,,,Y,系統
HE38887683,1,2016/5/23,測試股份有限公司,53670957,BFK0005,優良產品B0005型,個,1,1583,應稅,1508,75,1583,,,,,,,,,,,Y,系統
HE38887684,1,2016/5/23,測試股份有限公司,53670957,BFK0005,優良產品B0005型,個,1,1584,應稅,1509,75,1584,,,,,,,,,,,Y,系統
HE38887685,1,2016/5/23,測試股份有限公司,53670957,BFK0005,優良產品B0005型,個,1,1585,應稅,1510,75,1585,,,,,,,,,,,Y,系統
HE38887686,1,2016/5/23,測試股份有限公司,53670957,BFK0005,優良產品B0005型,個,1,1586,應稅,1510,76,1586,,,,,,,,,,,Y,系統
HE38887687,1,2016/5/23,測試股份有限公司,53670957,BFK0005,優良產品B0005型,個,1,1587,應稅,1511,76,1587,,,,,,,,,,,Y,系統
HE38887688,1,2016/5/23,測試股份有限公司,53670957,BFK0005,優良產品B0005型,個,1,1588,應稅,1512,76,1588,,,,,,,,,,,Y,系統
HE38887689,1,2016/5/23,測試股份有限公司,53670957,BFK0005,優良產品B0005型,個,1,1589,應稅,1513,76,1589,,,,,,,,,,,Y,系統
HE38887690,1,2016/5/23,測試股份有限公司,53670957,BFK0005,優良產品B0005型,個,1,1590,應稅,1514,76,1590,,,,,,,,,,,Y,系統
HE38887691,1,2016/5/23,測試股份有限公司,53670957,BFK0005,優良產品B0005型,個,1,1591,應稅,1515,76,1591,,,,,,,,,,,Y,系統
HE38887692,1,2016/5/23,測試股份有限公司,53670957,BFK0005,優良產品B0005型,個,1,1592,應稅,1516,76,1592,,,,,,,,,,,Y,系統
HE38887693,1,2016/5/23,測試股份有限公司,53670957,BFK0005,優良產品B0005型,個,1,1593,應稅,1517,76,1593,,,,,,,,,,,Y,系統
HE38887694,1,2016/5/23,測試股份有限公司,53670957,BFK0005,優良產品B0005型,個,1,1594,應稅,1518,76,1594,,,,,,,,,,,Y,系統
HE38887695,1,2016/5/23,測試股份有限公司,53670957,BFK0005,優良產品B0005型,個,1,1595,應稅,1519,76,1595,,,,,,,,,,,Y,系統
HE38887696,1,2016/5/23,測試股份有限公司,53670957,BFK0005,優良產品B0005型,個,1,1596,應稅,1520,76,1596,,,,,,,,,,,Y,系統
HE38887697,1,2016/5/23,測試股份有限公司,53670957,BFK0005,優良產品B0005型,個,1,1597,應稅,1521,76,1597,,,,,,,,,,,Y,系統
HE38887698,1,2016/5/23,測試股份有限公司,53670957,BFK0005,優良產品B0005型,個,1,1598,應稅,1522,76,1598,,,,,,,,,,,Y,系統
HE38887699,1,2016/5/23,測試股份有限公司,53670957,BFK0005,優良產品B0005型,個,1,1599,應稅,1523,76,1599,,,,,,,,,,,Y,系統
HE38887700,1,2016/5/23,測試股份有限公司,53670957,BFK0005,優良產品B0005型,個,1,1600,應稅,1524,76,1600,,,,,,,,,,,Y,系統
HE38887701,1,2016/5/23,測試股份有限公司,53670957,BFK0005,優良產品B0005型,個,1,1601,應稅,1525,76,1601,,,,,,,,,,,Y,系統
HE38887702,1,2016/5/23,測試股份有限公司,53670957,BFK0005,優良產品B0005型,個,1,1602,應稅,1526,76,1602,,,,,,,,,,,Y,系統
HE38887703,1,2016/5/23,測試股份有限公司,53670957,BFK0005,優良產品B0005型,個,1,1603,應稅,1527,76,1603,,,,,,,,,,,Y,系統
HE38887704,1,2016/5/23,測試股份有限公司,53670957,BFK0005,優良產品B0005型,個,1,1604,應稅,1528,76,1604,,,,,,,,,,,Y,系統
HE38887705,1,2016/5/23,測試股份有限公司,53670957,BFK0005,優良產品B0005型,個,1,1605,應稅,1529,76,1605,,,,,,,,,,,Y,系統
HE38887706,1,2016/5/23,測試股份有限公司,53670957,BFK0005,優良產品B0005型,個,1,1606,應稅,1530,76,1606,,,,,,,,,,,Y,系統
HE38887707,1,2016/5/23,測試股份有限公司,53670957,BFK0005,優良產品B0005型,個,1,1607,應稅,1530,77,1607,,,,,,,,,,,Y,系統
HE38887708,1,2016/5/23,測試股份有限公司,53670957,BFK0005,優良產品B0005型,個,1,1608,應稅,1531,77,1608,,,,,,,,,,,Y,系統
HE38887709,1,2016/5/23,測試股份有限公司,53670957,BFK0005,優良產品B0005型,個,1,1609,應稅,1532,77,1609,,,,,,,,,,,Y,系統
HE38887710,1,2016/5/23,測試股份有限公司,53670957,BFK0005,優良產品B0005型,個,1,1610,應稅,1533,77,1610,,,,,,,,,,,Y,系統
HE38887711,1,2016/5/23,測試股份有限公司,53670957,BFK0005,優良產品B0005型,個,1,1611,應稅,1534,77,1611,,,,,,,,,,,Y,系統
HE38887712,1,2016/5/23,測試股份有限公司,53670957,BFK0005,優良產品B0005型,個,1,1612,應稅,1535,77,1612,,,,,,,,,,,Y,系統
HE38887713,1,2016/5/23,測試股份有限公司,53670957,BFK0005,優良產品B0005型,個,1,1613,應稅,1536,77,1613,,,,,,,,,,,Y,系統
HE38887714,1,2016/5/23,測試股份有限公司,53670957,BFK0005,優良產品B0005型,個,1,1614,應稅,1537,77,1614,,,,,,,,,,,Y,系統
HE38887715,1,2016/5/23,測試股份有限公司,53670957,BFK0005,優良產品B0005型,個,1,1615,應稅,1538,77,1615,,,,,,,,,,,Y,系統
HE38887716,1,2016/5/23,測試股份有限公司,53670957,BFK0005,優良產品B0005型,個,1,1616,應稅,1539,77,1616,,,,,,,,,,,Y,系統
HE38887717,1,2016/5/23,測試股份有限公司,53670957,BFK0005,優良產品B0005型,個,1,1617,應稅,1540,77,1617,,,,,,,,,,,Y,系統
HE38887718,1,2016/5/23,測試股份有限公司,53670957,BFK0005,優良產品B0005型,個,1,1618,應稅,1541,77,1618,,,,,,,,,,,Y,系統
HE38887719,1,2016/5/23,測試股份有限公司,53670957,BFK0005,優良產品B0005型,個,1,1619,應稅,1542,77,1619,,,,,,,,,,,Y,系統
HE38887720,1,2016/5/23,測試股份有限公司,53670957,BFK0005,優良產品B0005型,個,1,1620,應稅,1543,77,1620,,,,,,,,,,,Y,系統
HE38887721,1,2016/5/23,測試股份有限公司,53670957,BFK0005,優良產品B0005型,個,1,1621,應稅,1544,77,1621,,,,,,,,,,,Y,系統
HE38887722,1,2016/5/23,測試股份有限公司,53670957,BFK0005,優良產品B0005型,個,1,1622,應稅,1545,77,1622,,,,,,,,,,,Y,系統
HE38887723,1,2016/5/23,測試股份有限公司,53670957,BFK0005,優良產品B0005型,個,1,1623,應稅,1546,77,1623,,,,,,,,,,,Y,系統
HE38887724,1,2016/5/23,測試股份有限公司,53670957,BFK0005,優良產品B0005型,個,1,1624,應稅,1547,77,1624,,,,,,,,,,,Y,系統
HE38887725,1,2016/5/23,測試股份有限公司,53670957,BFK0005,優良產品B0005型,個,1,1625,應稅,1548,77,1625,,,,,,,,,,,Y,系統
HE38887726,1,2016/5/23,測試股份有限公司,53670957,BFK0005,優良產品B0005型,個,1,1626,應稅,1549,77,1626,,,,,,,,,,,Y,系統
HE38887727,1,2016/5/23,測試股份有限公司,53670957,BFK0005,優良產品B0005型,個,1,1627,應稅,1550,77,1627,,,,,,,,,,,Y,系統
HE38887728,1,2016/5/23,測試股份有限公司,53670957,BFK0005,優良產品B0005型,個,1,1628,應稅,1550,78,1628,,,,,,,,,,,Y,系統
HE38887729,1,2016/5/23,測試股份有限公司,53670957,BFK0005,優良產品B0005型,個,1,1629,應稅,1551,78,1629,,,,,,,,,,,Y,系統
HE38887730,1,2016/5/23,測試股份有限公司,53670957,BFK0005,優良產品B0005型,個,1,1630,應稅,1552,78,1630,,,,,,,,,,,Y,系統
HE38887731,1,2016/5/23,測試股份有限公司,53670957,BFK0005,優良產品B0005型,個,1,1631,應稅,1553,78,1631,,,,,,,,,,,Y,系統
HE38887732,1,2016/5/23,測試股份有限公司,53670957,BFK0005,優良產品B0005型,個,1,1632,應稅,1554,78,1632,,,,,,,,,,,Y,系統
HE38887733,1,2016/5/23,測試股份有限公司,53670957,BFK0005,優良產品B0005型,個,1,1633,應稅,1555,78,1633,,,,,,,,,,,Y,系統
HE38887734,1,2016/5/23,測試股份有限公司,53670957,BFK0005,優良產品B0005型,個,1,1634,應稅,1556,78,1634,,,,,,,,,,,Y,系統
HE38887735,1,2016/5/23,測試股份有限公司,53670957,BFK0005,優良產品B0005型,個,1,1635,應稅,1557,78,1635,,,,,,,,,,,Y,系統
HE38887736,1,2016/5/23,測試股份有限公司,53670957,BFK0005,優良產品B0005型,個,1,1636,應稅,1558,78,1636,,,,,,,,,,,Y,系統
HE38887737,1,2016/5/23,測試股份有限公司,53670957,BFK0005,優良產品B0005型,個,1,1637,應稅,1559,78,1637,,,,,,,,,,,Y,系統
HE38887738,1,2016/5/23,測試股份有限公司,53670957,BFK0005,優良產品B0005型,個,1,1638,應稅,1560,78,1638,,,,,,,,,,,Y,系統
HE38887739,1,2016/5/23,測試股份有限公司,53670957,BFK0005,優良產品B0005型,個,1,1639,應稅,1561,78,1639,,,,,,,,,,,Y,系統
HE38887740,1,2016/5/23,測試股份有限公司,53670957,BFK0005,優良產品B0005型,個,1,1640,應稅,1562,78,1640,,,,,,,,,,,Y,系統
HE38887741,1,2016/5/23,測試股份有限公司,53670957,BFK0005,優良產品B0005型,個,1,1641,應稅,1563,78,1641,,,,,,,,,,,Y,系統
HE38887742,1,2016/5/23,測試股份有限公司,53670957,BFK0005,優良產品B0005型,個,1,1642,應稅,1564,78,1642,,,,,,,,,,,Y,系統
HE38887743,1,2016/5/23,測試股份有限公司,53670957,BFK0005,優良產品B0005型,個,1,1643,應稅,1565,78,1643,,,,,,,,,,,Y,系統
HE38887744,1,2016/5/23,測試股份有限公司,53670957,BFK0005,優良產品B0005型,個,1,1644,應稅,1566,78,1644,,,,,,,,,,,Y,系統
HE38887745,1,2016/5/23,測試股份有限公司,53670957,BFK0005,優良產品B0005型,個,1,1645,應稅,1567,78,1645,,,,,,,,,,,Y,系統
HE38887746,1,2016/5/23,測試股份有限公司,53670957,BFK0005,優良產品B0005型,個,1,1646,應稅,1568,78,1646,,,,,,,,,,,Y,系統
HE38887747,1,2016/5/23,測試股份有限公司,53670957,BFK0005,優良產品B0005型,個,1,1647,應稅,1569,78,1647,,,,,,,,,,,Y,系統
HE38887748,1,2016/5/23,測試股份有限公司,53670957,BFK0005,優良產品B0005型,個,1,1648,應稅,1570,78,1648,,,,,,,,,,,Y,系統
HE38887749,1,2016/5/23,測試股份有限公司,53670957,BFK0005,優良產品B0005型,個,1,1649,應稅,1570,79,1649,,,,,,,,,,,Y,系統
HE38887750,1,2016/5/23,測試股份有限公司,53670957,BFK0005,優良產品B0005型,個,1,1650,應稅,1571,79,1650,,,,,,,,,,,Y,系統
HE38887751,1,2016/5/23,測試股份有限公司,53670957,BFK0005,優良產品B0005型,個,1,1651,應稅,1572,79,1651,,,,,,,,,,,Y,系統
HE38887752,1,2016/5/23,測試股份有限公司,53670957,BFK0005,優良產品B0005型,個,1,1652,應稅,1573,79,1652,,,,,,,,,,,Y,系統
HE38887753,1,2016/5/23,測試股份有限公司,53670957,BFK0005,優良產品B0005型,個,1,1653,應稅,1574,79,1653,,,,,,,,,,,Y,系統
HE38887754,1,2016/5/23,測試股份有限公司,53670957,BFK0005,優良產品B0005型,個,1,1654,應稅,1575,79,1654,,,,,,,,,,,Y,系統
HE38887755,1,2016/5/23,測試股份有限公司,53670957,BFK0005,優良產品B0005型,個,1,1655,應稅,1576,79,1655,,,,,,,,,,,Y,系統
HE38887756,1,2016/5/23,測試股份有限公司,53670957,BFK0005,優良產品B0005型,個,1,1656,應稅,1577,79,1656,,,,,,,,,,,Y,系統
HE38887757,1,2016/5/23,測試股份有限公司,53670957,BFK0005,優良產品B0005型,個,1,1657,應稅,1578,79,1657,,,,,,,,,,,Y,系統
HE38887758,1,2016/5/23,測試股份有限公司,53670957,BFK0005,優良產品B0005型,個,1,1658,應稅,1579,79,1658,,,,,,,,,,,Y,系統
HE38887759,1,2016/5/23,測試股份有限公司,53670957,BFK0005,優良產品B0005型,個,1,1659,應稅,1580,79,1659,,,,,,,,,,,Y,系統
HE38887760,1,2016/5/23,測試股份有限公司,53670957,BFK0005,優良產品B0005型,個,1,1660,應稅,1581,79,1660,,,,,,,,,,,Y,系統
HE38887761,1,2016/5/23,測試股份有限公司,53670957,BFK0005,優良產品B0005型,個,1,1661,應稅,1582,79,1661,,,,,,,,,,,Y,系統
HE38887762,1,2016/5/23,測試股份有限公司,53670957,BFK0005,優良產品B0005型,個,1,1662,應稅,1583,79,1662,,,,,,,,,,,Y,系統
HE38887763,1,2016/5/23,測試股份有限公司,53670957,BFK0005,優良產品B0005型,個,1,1663,應稅,1584,79,1663,,,,,,,,,,,Y,系統
HE38887764,1,2016/5/23,測試股份有限公司,53670957,BFK0005,優良產品B0005型,個,1,1664,應稅,1585,79,1664,,,,,,,,,,,Y,系統
HE38887765,1,2016/5/23,測試股份有限公司,53670957,BFK0005,優良產品B0005型,個,1,1665,應稅,1586,79,1665,,,,,,,,,,,Y,系統
HE38887766,1,2016/5/23,測試股份有限公司,53670957,BFK0005,優良產品B0005型,個,1,1666,應稅,1587,79,1666,,,,,,,,,,,Y,系統
HE38887767,1,2016/5/23,測試股份有限公司,53670957,BFK0005,優良產品B0005型,個,1,1667,應稅,1588,79,1667,,,,,,,,,,,Y,系統
HE38887768,1,2016/5/23,測試股份有限公司,53670957,BFK0005,優良產品B0005型,個,1,1668,應稅,1589,79,1668,,,,,,,,,,,Y,系統
HE38887769,1,2016/5/23,測試股份有限公司,53670957,BFK0005,優良產品B0005型,個,1,1669,應稅,1590,79,1669,,,,,,,,,,,Y,系統
HE38887770,1,2016/5/23,測試股份有限公司,53670957,BFK0005,優良產品B0005型,個,1,1670,應稅,1590,80,1670,,,,,,,,,,,Y,系統
HE38887771,1,2016/5/23,測試股份有限公司,53670957,BFK0005,優良產品B0005型,個,1,1671,應稅,1591,80,1671,,,,,,,,,,,Y,系統
HE38887772,1,2016/5/23,測試股份有限公司,53670957,BFK0005,優良產品B0005型,個,1,1672,應稅,1592,80,1672,,,,,,,,,,,Y,系統
HE38887773,1,2016/5/23,測試股份有限公司,53670957,BFK0005,優良產品B0005型,個,1,1673,應稅,1593,80,1673,,,,,,,,,,,Y,系統
HE38887774,1,2016/5/23,測試股份有限公司,53670957,BFK0005,優良產品B0005型,個,1,1674,應稅,1594,80,1674,,,,,,,,,,,Y,系統
HE38887775,1,2016/5/23,測試股份有限公司,53670957,BFK0005,優良產品B0005型,個,1,1675,應稅,1595,80,1675,,,,,,,,,,,Y,系統
HE38887776,1,2016/5/23,測試股份有限公司,53670957,BFK0005,優良產品B0005型,個,1,1676,應稅,1596,80,1676,,,,,,,,,,,Y,系統
HE38887777,1,2016/5/23,測試股份有限公司,53670957,BFK0005,優良產品B0005型,個,1,1677,應稅,1597,80,1677,,,,,,,,,,,Y,系統
HE38887778,1,2016/5/23,測試股份有限公司,53670957,BFK0005,優良產品B0005型,個,1,1678,應稅,1598,80,1678,,,,,,,,,,,Y,系統
HE38887779,1,2016/5/23,測試股份有限公司,53670957,BFK0005,優良產品B0005型,個,1,1679,應稅,1599,80,1679,,,,,,,,,,,Y,系統
HE38887780,1,2016/5/23,測試股份有限公司,53670957,BFK0005,優良產品B0005型,個,1,1680,應稅,1600,80,1680,,,,,,,,,,,Y,系統
HE38887781,1,2016/5/23,測試股份有限公司,53670957,BFK0005,優良產品B0005型,個,1,1681,應稅,1601,80,1681,,,,,,,,,,,Y,系統
HE38887782,1,2016/5/23,測試股份有限公司,53670957,BFK0005,優良產品B0005型,個,1,1682,應稅,1602,80,1682,,,,,,,,,,,Y,系統
HE38887783,1,2016/5/23,測試股份有限公司,53670957,BFK0005,優良產品B0005型,個,1,1683,應稅,1603,80,1683,,,,,,,,,,,Y,系統
HE38887784,1,2016/5/23,測試股份有限公司,53670957,BFK0005,優良產品B0005型,個,1,1684,應稅,1604,80,1684,,,,,,,,,,,Y,系統
HE38887785,1,2016/5/23,測試股份有限公司,53670957,BFK0005,優良產品B0005型,個,1,1685,應稅,1605,80,1685,,,,,,,,,,,Y,系統
HE38887786,1,2016/5/23,測試股份有限公司,53670957,BFK0005,優良產品B0005型,個,1,1686,應稅,1606,80,1686,,,,,,,,,,,Y,系統
HE38887787,1,2016/5/23,測試股份有限公司,53670957,BFK0005,優良產品B0005型,個,1,1687,應稅,1607,80,1687,,,,,,,,,,,Y,系統
HE38887788,1,2016/5/23,測試股份有限公司,53670957,BFK0005,優良產品B0005型,個,1,1688,應稅,1608,80,1688,,,,,,,,,,,Y,系統
HE38887789,1,2016/5/23,測試股份有限公司,53670957,BFK0005,優良產品B0005型,個,1,1689,應稅,1609,80,1689,,,,,,,,,,,Y,系統
HE38887790,1,2016/5/23,測試股份有限公司,53670957,BFK0005,優良產品B0005型,個,1,1690,應稅,1610,80,1690,,,,,,,,,,,Y,系統
HE38887791,1,2016/5/23,測試股份有限公司,53670957,BFK0005,優良產品B0005型,個,1,1691,應稅,1610,81,1691,,,,,,,,,,,Y,系統
HE38887792,1,2016/5/23,測試股份有限公司,53670957,BFK0005,優良產品B0005型,個,1,1692,應稅,1611,81,1692,,,,,,,,,,,Y,系統
HE38887793,1,2016/5/23,測試股份有限公司,53670957,BFK0005,優良產品B0005型,個,1,1693,應稅,1612,81,1693,,,,,,,,,,,Y,系統
HE38887794,1,2016/5/23,測試股份有限公司,53670957,BFK0005,優良產品B0005型,個,1,1694,應稅,1613,81,1694,,,,,,,,,,,Y,系統
HE38887795,1,2016/5/23,測試股份有限公司,53670957,BFK0005,優良產品B0005型,個,1,1695,應稅,1614,81,1695,,,,,,,,,,,Y,系統
HE38887796,1,2016/5/23,測試股份有限公司,53670957,BFK0005,優良產品B0005型,個,1,1696,應稅,1615,81,1696,,,,,,,,,,,Y,系統
HE38887797,1,2016/5/23,測試股份有限公司,53670957,BFK0005,優良產品B0005型,個,1,1697,應稅,1616,81,1697,,,,,,,,,,,Y,系統
HE38887798,1,2016/5/23,測試股份有限公司,53670957,BFK0005,優良產品B0005型,個,1,1698,應稅,1617,81,1698,,,,,,,,,,,Y,系統
HE38887799,1,2016/5/23,測試股份有限公司,53670957,BFK0005,優良產品B0005型,個,1,1699,應稅,1618,81,1699,,,,,,,,,,,Y,系統
HE38887800,1,2016/5/23,測試股份有限公司,53670957,BFK0005,優良產品B0005型,個,1,1700,應稅,1619,81,1700,,,,,,,,,,,Y,系統
HE38887801,1,2016/5/23,測試股份有限公司,53670957,BFK0005,優良產品B0005型,個,1,1701,應稅,1620,81,1701,,,,,,,,,,,Y,系統
HE38887802,1,2016/5/23,測試股份有限公司,53670957,BFK0005,優良產品B0005型,個,1,1702,應稅,1621,81,1702,,,,,,,,,,,Y,系統
HE38887803,1,2016/5/23,測試股份有限公司,53670957,BFK0005,優良產品B0005型,個,1,1703,應稅,1622,81,1703,,,,,,,,,,,Y,系統
HE38887804,1,2016/5/23,測試股份有限公司,53670957,BFK0005,優良產品B0005型,個,1,1704,應稅,1623,81,1704,,,,,,,,,,,Y,系統
HE38887805,1,2016/5/23,測試股份有限公司,53670957,BFK0005,優良產品B0005型,個,1,1705,應稅,1624,81,1705,,,,,,,,,,,Y,系統
HE38887806,1,2016/5/23,測試股份有限公司,53670957,BFK0005,優良產品B0005型,個,1,1706,應稅,1625,81,1706,,,,,,,,,,,Y,系統
HE38887807,1,2016/5/23,測試股份有限公司,53670957,BFK0005,優良產品B0005型,個,1,1707,應稅,1626,81,1707,,,,,,,,,,,Y,系統
HE38887808,1,2016/5/23,測試股份有限公司,53670957,BFK0005,優良產品B0005型,個,1,1708,應稅,1627,81,1708,,,,,,,,,,,Y,系統
HE38887809,1,2016/5/23,測試股份有限公司,53670957,BFK0005,優良產品B0005型,個,1,1709,應稅,1628,81,1709,,,,,,,,,,,Y,系統
HE38887810,1,2016/5/23,測試股份有限公司,53670957,BFK0005,優良產品B0005型,個,1,1710,應稅,1629,81,1710,,,,,,,,,,,Y,系統
HE38887811,1,2016/5/23,測試股份有限公司,53670957,BFK0005,優良產品B0005型,個,1,1711,應稅,1630,81,1711,,,,,,,,,,,Y,系統
HE38887812,1,2016/5/23,測試股份有限公司,53670957,BFK0005,優良產品B0005型,個,1,1712,應稅,1630,82,1712,,,,,,,,,,,Y,系統
HE38887813,1,2016/5/23,測試股份有限公司,53670957,BFK0005,優良產品B0005型,個,1,1713,應稅,1631,82,1713,,,,,,,,,,,Y,系統
HE38887814,1,2016/5/23,測試股份有限公司,53670957,BFK0005,優良產品B0005型,個,1,1714,應稅,1632,82,1714,,,,,,,,,,,Y,系統
HE38887815,1,2016/5/23,測試股份有限公司,53670957,BFK0005,優良產品B0005型,個,1,1715,應稅,1633,82,1715,,,,,,,,,,,Y,系統
HE38887816,1,2016/5/23,測試股份有限公司,53670957,BFK0005,優良產品B0005型,個,1,1716,應稅,1634,82,1716,,,,,,,,,,,Y,系統
HE38887817,1,2016/5/23,測試股份有限公司,53670957,BFK0005,優良產品B0005型,個,1,1717,應稅,1635,82,1717,,,,,,,,,,,Y,系統
HE38887818,1,2016/5/23,測試股份有限公司,53670957,BFK0005,優良產品B0005型,個,1,1718,應稅,1636,82,1718,,,,,,,,,,,Y,系統
HE38887819,1,2016/5/23,測試股份有限公司,53670957,BFK0005,優良產品B0005型,個,1,1719,應稅,1637,82,1719,,,,,,,,,,,Y,系統
HE38887820,1,2016/5/23,測試股份有限公司,53670957,BFK0005,優良產品B0005型,個,1,1720,應稅,1638,82,1720,,,,,,,,,,,Y,系統
HE38887821,1,2016/5/23,測試股份有限公司,53670957,BFK0005,優良產品B0005型,個,1,1721,應稅,1639,82,1721,,,,,,,,,,,Y,系統
HE38887822,1,2016/5/23,測試股份有限公司,53670957,BFK0005,優良產品B0005型,個,1,1722,應稅,1640,82,1722,,,,,,,,,,,Y,系統
HE38887823,1,2016/5/23,測試股份有限公司,53670957,BFK0005,優良產品B0005型,個,1,1723,應稅,1641,82,1723,,,,,,,,,,,Y,系統
HE38887824,1,2016/5/23,測試股份有限公司,53670957,BFK0005,優良產品B0005型,個,1,1724,應稅,1642,82,1724,,,,,,,,,,,Y,系統
HE38887825,1,2016/5/23,測試股份有限公司,53670957,BFK0005,優良產品B0005型,個,1,1725,應稅,1643,82,1725,,,,,,,,,,,Y,系統
HE38887826,1,2016/5/23,測試股份有限公司,53670957,BFK0005,優良產品B0005型,個,1,1726,應稅,1644,82,1726,,,,,,,,,,,Y,系統
HE38887827,1,2016/5/23,測試股份有限公司,53670957,BFK0005,優良產品B0005型,個,1,1727,應稅,1645,82,1727,,,,,,,,,,,Y,系統
HE38887828,1,2016/5/23,測試股份有限公司,53670957,BFK0005,優良產品B0005型,個,1,1728,應稅,1646,82,1728,,,,,,,,,,,Y,系統
HE38887829,1,2016/5/23,測試股份有限公司,53670957,BFK0005,優良產品B0005型,個,1,1729,應稅,1647,82,1729,,,,,,,,,,,Y,系統
HE38887830,1,2016/5/23,測試股份有限公司,53670957,BFK0005,優良產品B0005型,個,1,1730,應稅,1648,82,1730,,,,,,,,,,,Y,系統
HE38887831,1,2016/5/23,測試股份有限公司,53670957,BFK0005,優良產品B0005型,個,1,1731,應稅,1649,82,1731,,,,,,,,,,,Y,系統
HE38887832,1,2016/5/23,測試股份有限公司,53670957,BFK0005,優良產品B0005型,個,1,1732,應稅,1650,82,1732,,,,,,,,,,,Y,系統
HE38887833,1,2016/5/23,測試股份有限公司,53670957,BFK0005,優良產品B0005型,個,1,1733,應稅,1650,83,1733,,,,,,,,,,,Y,系統
HE38887834,1,2016/5/23,測試股份有限公司,53670957,BFK0005,優良產品B0005型,個,1,1734,應稅,1651,83,1734,,,,,,,,,,,Y,系統
HE38887835,1,2016/5/23,測試股份有限公司,53670957,BFK0005,優良產品B0005型,個,1,1735,應稅,1652,83,1735,,,,,,,,,,,Y,系統
HE38887836,1,2016/5/23,測試股份有限公司,53670957,BFK0005,優良產品B0005型,個,1,1736,應稅,1653,83,1736,,,,,,,,,,,Y,系統
HE38887837,1,2016/5/23,測試股份有限公司,53670957,BFK0005,優良產品B0005型,個,1,1737,應稅,1654,83,1737,,,,,,,,,,,Y,系統
HE38887838,1,2016/5/23,測試股份有限公司,53670957,BFK0005,優良產品B0005型,個,1,1738,應稅,1655,83,1738,,,,,,,,,,,Y,系統
HE38887839,1,2016/5/23,測試股份有限公司,53670957,BFK0005,優良產品B0005型,個,1,1739,應稅,1656,83,1739,,,,,,,,,,,Y,系統
HE38887840,1,2016/5/23,測試股份有限公司,53670957,BFK0005,優良產品B0005型,個,1,1740,應稅,1657,83,1740,,,,,,,,,,,Y,系統
HE38887841,1,2016/5/23,測試股份有限公司,53670957,BFK0005,優良產品B0005型,個,1,1741,應稅,1658,83,1741,,,,,,,,,,,Y,系統
HE38887842,1,2016/5/23,測試股份有限公司,53670957,BFK0005,優良產品B0005型,個,1,1742,應稅,1659,83,1742,,,,,,,,,,,Y,系統
HE38887843,1,2016/5/23,測試股份有限公司,53670957,BFK0005,優良產品B0005型,個,1,1743,應稅,1660,83,1743,,,,,,,,,,,Y,系統
HE38887844,1,2016/5/23,測試股份有限公司,53670957,BFK0005,優良產品B0005型,個,1,1744,應稅,1661,83,1744,,,,,,,,,,,Y,系統
HE38887845,1,2016/5/23,測試股份有限公司,53670957,BFK0005,優良產品B0005型,個,1,1745,應稅,1662,83,1745,,,,,,,,,,,Y,系統
HE38887846,1,2016/5/23,測試股份有限公司,53670957,BFK0005,優良產品B0005型,個,1,1746,應稅,1663,83,1746,,,,,,,,,,,Y,系統
HE38887847,1,2016/5/23,測試股份有限公司,53670957,BFK0005,優良產品B0005型,個,1,1747,應稅,1664,83,1747,,,,,,,,,,,Y,系統
HE38887848,1,2016/5/23,測試股份有限公司,53670957,BFK0005,優良產品B0005型,個,1,1748,應稅,1665,83,1748,,,,,,,,,,,Y,系統
HE38887849,1,2016/5/23,測試股份有限公司,53670957,BFK0005,優良產品B0005型,個,1,1749,應稅,1666,83,1749,,,,,,,,,,,Y,系統
HE38887850,1,2016/5/23,測試股份有限公司,53670957,BFK0005,優良產品B0005型,個,1,1750,應稅,1667,83,1750,,,,,,,,,,,Y,系統
HE38887851,1,2016/5/23,測試股份有限公司,53670957,BFK0005,優良產品B0005型,個,1,1751,應稅,1668,83,1751,,,,,,,,,,,Y,系統
HE38887852,1,2016/5/23,測試股份有限公司,53670957,BFK0005,優良產品B0005型,個,1,1752,應稅,1669,83,1752,,,,,,,,,,,Y,系統
HE38887853,1,2016/5/23,測試股份有限公司,53670957,BFK0005,優良產品B0005型,個,1,1753,應稅,1670,83,1753,,,,,,,,,,,Y,系統
HE38887854,1,2016/5/23,測試股份有限公司,53670957,BFK0005,優良產品B0005型,個,1,1754,應稅,1670,84,1754,,,,,,,,,,,Y,系統
HE38887855,1,2016/5/23,測試股份有限公司,53670957,BFK0005,優良產品B0005型,個,1,1755,應稅,1671,84,1755,,,,,,,,,,,Y,系統
HE38887856,1,2016/5/23,測試股份有限公司,53670957,BFK0005,優良產品B0005型,個,1,1756,應稅,1672,84,1756,,,,,,,,,,,Y,系統
HE38887857,1,2016/5/23,測試股份有限公司,53670957,BFK0005,優良產品B0005型,個,1,1757,應稅,1673,84,1757,,,,,,,,,,,Y,系統
HE38887858,1,2016/5/23,測試股份有限公司,53670957,BFK0005,優良產品B0005型,個,1,1758,應稅,1674,84,1758,,,,,,,,,,,Y,系統
HE38887859,1,2016/5/23,測試股份有限公司,53670957,BFK0005,優良產品B0005型,個,1,1759,應稅,1675,84,1759,,,,,,,,,,,Y,系統
HE38887860,1,2016/5/23,測試股份有限公司,53670957,BFK0005,優良產品B0005型,個,1,1760,應稅,1676,84,1760,,,,,,,,,,,Y,系統
HE38887861,1,2016/5/23,測試股份有限公司,53670957,BFK0005,優良產品B0005型,個,1,1761,應稅,1677,84,1761,,,,,,,,,,,Y,系統
HE38887862,1,2016/5/23,測試股份有限公司,53670957,BFK0005,優良產品B0005型,個,1,1762,應稅,1678,84,1762,,,,,,,,,,,Y,系統
HE38887863,1,2016/5/23,測試股份有限公司,53670957,BFK0005,優良產品B0005型,個,1,1763,應稅,1679,84,1763,,,,,,,,,,,Y,系統
HE38887864,1,2016/5/23,測試股份有限公司,53670957,BFK0005,優良產品B0005型,個,1,1764,應稅,1680,84,1764,,,,,,,,,,,Y,系統
HE38887865,1,2016/5/23,測試股份有限公司,53670957,BFK0005,優良產品B0005型,個,1,1765,應稅,1681,84,1765,,,,,,,,,,,Y,系統
HE38887866,1,2016/5/23,測試股份有限公司,53670957,BFK0005,優良產品B0005型,個,1,1766,應稅,1682,84,1766,,,,,,,,,,,Y,系統
HE38887867,1,2016/5/23,測試股份有限公司,53670957,BFK0005,優良產品B0005型,個,1,1767,應稅,1683,84,1767,,,,,,,,,,,Y,系統
HE38887868,1,2016/5/23,測試股份有限公司,53670957,BFK0005,優良產品B0005型,個,1,1768,應稅,1684,84,1768,,,,,,,,,,,Y,系統
HE38887869,1,2016/5/23,測試股份有限公司,53670957,BFK0005,優良產品B0005型,個,1,1769,應稅,1685,84,1769,,,,,,,,,,,Y,系統
HE38887870,1,2016/5/23,測試股份有限公司,53670957,BFK0005,優良產品B0005型,個,1,1770,應稅,1686,84,1770,,,,,,,,,,,Y,系統
HE38887871,1,2016/5/23,測試股份有限公司,53670957,BFK0005,優良產品B0005型,個,1,1771,應稅,1687,84,1771,,,,,,,,,,,Y,系統
HE38887872,1,2016/5/23,測試股份有限公司,53670957,BFK0005,優良產品B0005型,個,1,1772,應稅,1688,84,1772,,,,,,,,,,,Y,系統
HE38887873,1,2016/5/23,測試股份有限公司,53670957,BFK0005,優良產品B0005型,個,1,1773,應稅,1689,84,1773,,,,,,,,,,,Y,系統
HE38887874,1,2016/5/23,測試股份有限公司,53670957,BFK0005,優良產品B0005型,個,1,1774,應稅,1690,84,1774,,,,,,,,,,,Y,系統
HE38887875,1,2016/5/23,測試股份有限公司,53670957,BFK0005,優良產品B0005型,個,1,1775,應稅,1690,85,1775,,,,,,,,,,,Y,系統
HE38887876,1,2016/5/23,測試股份有限公司,53670957,BFK0005,優良產品B0005型,個,1,1776,應稅,1691,85,1776,,,,,,,,,,,Y,系統
HE38887877,1,2016/5/23,測試股份有限公司,53670957,BFK0005,優良產品B0005型,個,1,1777,應稅,1692,85,1777,,,,,,,,,,,Y,系統
HE38887878,1,2016/5/23,測試股份有限公司,53670957,BFK0005,優良產品B0005型,個,1,1778,應稅,1693,85,1778,,,,,,,,,,,Y,系統
HE38887879,1,2016/5/23,測試股份有限公司,53670957,BFK0005,優良產品B0005型,個,1,1779,應稅,1694,85,1779,,,,,,,,,,,Y,系統
HE38887880,1,2016/5/23,測試股份有限公司,53670957,BFK0005,優良產品B0005型,個,1,1780,應稅,1695,85,1780,,,,,,,,,,,Y,系統
HE38887881,1,2016/5/23,測試股份有限公司,53670957,BFK0005,優良產品B0005型,個,1,1781,應稅,1696,85,1781,,,,,,,,,,,Y,系統
HE38887882,1,2016/5/23,測試股份有限公司,53670957,BFK0005,優良產品B0005型,個,1,1782,應稅,1697,85,1782,,,,,,,,,,,Y,系統
HE38887883,1,2016/5/23,測試股份有限公司,53670957,BFK0005,優良產品B0005型,個,1,1783,應稅,1698,85,1783,,,,,,,,,,,Y,系統
HE38887884,1,2016/5/23,測試股份有限公司,53670957,BFK0005,優良產品B0005型,個,1,1784,應稅,1699,85,1784,,,,,,,,,,,Y,系統
HE38887885,1,2016/5/23,測試股份有限公司,53670957,BFK0005,優良產品B0005型,個,1,1785,應稅,1700,85,1785,,,,,,,,,,,Y,系統
HE38887886,1,2016/5/23,測試股份有限公司,53670957,BFK0005,優良產品B0005型,個,1,1786,應稅,1701,85,1786,,,,,,,,,,,Y,系統
HE38887887,1,2016/5/23,測試股份有限公司,53670957,BFK0005,優良產品B0005型,個,1,1787,應稅,1702,85,1787,,,,,,,,,,,Y,系統
HE38887888,1,2016/5/23,測試股份有限公司,53670957,BFK0005,優良產品B0005型,個,1,1788,應稅,1703,85,1788,,,,,,,,,,,Y,系統
HE38887889,1,2016/5/23,測試股份有限公司,53670957,BFK0005,優良產品B0005型,個,1,1789,應稅,1704,85,1789,,,,,,,,,,,Y,系統
HE38887890,1,2016/5/23,測試股份有限公司,53670957,BFK0005,優良產品B0005型,個,1,1790,應稅,1705,85,1790,,,,,,,,,,,Y,系統
HE38887891,1,2016/5/23,測試股份有限公司,53670957,BFK0005,優良產品B0005型,個,1,1791,應稅,1706,85,1791,,,,,,,,,,,Y,系統
HE38887892,1,2016/5/23,測試股份有限公司,53670957,BFK0005,優良產品B0005型,個,1,1792,應稅,1707,85,1792,,,,,,,,,,,Y,系統
HE38887893,1,2016/5/23,測試股份有限公司,53670957,BFK0005,優良產品B0005型,個,1,1793,應稅,1708,85,1793,,,,,,,,,,,Y,系統
HE38887894,1,2016/5/23,測試股份有限公司,53670957,BFK0005,優良產品B0005型,個,1,1794,應稅,1709,85,1794,,,,,,,,,,,Y,系統
HE38887895,1,2016/5/23,測試股份有限公司,53670957,BFK0005,優良產品B0005型,個,1,1795,應稅,1710,85,1795,,,,,,,,,,,Y,系統
HE38887896,1,2016/5/23,測試股份有限公司,53670957,BFK0005,優良產品B0005型,個,1,1796,應稅,1710,86,1796,,,,,,,,,,,Y,系統
HE38887897,1,2016/5/23,測試股份有限公司,53670957,BFK0005,優良產品B0005型,個,1,1797,應稅,1711,86,1797,,,,,,,,,,,Y,系統
HE38887898,1,2016/5/23,測試股份有限公司,53670957,BFK0005,優良產品B0005型,個,1,1798,應稅,1712,86,1798,,,,,,,,,,,Y,系統
HE38887899,1,2016/5/23,測試股份有限公司,53670957,BFK0005,優良產品B0005型,個,1,1799,應稅,1713,86,1799,,,,,,,,,,,Y,系統
HE38887900,1,2016/5/23,測試股份有限公司,53670957,BFK0005,優良產品B0005型,個,1,1800,應稅,1714,86,1800,,,,,,,,,,,Y,系統
HE38887901,1,2016/5/23,測試股份有限公司,53670957,BFK0005,優良產品B0005型,個,1,1801,應稅,1715,86,1801,,,,,,,,,,,Y,系統
HE38887902,1,2016/5/23,測試股份有限公司,53670957,BFK0005,優良產品B0005型,個,1,1802,應稅,1716,86,1802,,,,,,,,,,,Y,系統
HE38887903,1,2016/5/23,測試股份有限公司,53670957,BFK0005,優良產品B0005型,個,1,1803,應稅,1717,86,1803,,,,,,,,,,,Y,系統
HE38887904,1,2016/5/23,測試股份有限公司,53670957,BFK0005,優良產品B0005型,個,1,1804,應稅,1718,86,1804,,,,,,,,,,,Y,系統
HE38887905,1,2016/5/23,測試股份有限公司,53670957,BFK0005,優良產品B0005型,個,1,1805,應稅,1719,86,1805,,,,,,,,,,,Y,系統
HE38887906,1,2016/5/23,測試股份有限公司,53670957,BFK0005,優良產品B0005型,個,1,1806,應稅,1720,86,1806,,,,,,,,,,,Y,系統
HE38887907,1,2016/5/23,測試股份有限公司,53670957,BFK0005,優良產品B0005型,個,1,1807,應稅,1721,86,1807,,,,,,,,,,,Y,系統
HE38887908,1,2016/5/23,測試股份有限公司,53670957,BFK0005,優良產品B0005型,個,1,1808,應稅,1722,86,1808,,,,,,,,,,,Y,系統
HE38887909,1,2016/5/23,測試股份有限公司,53670957,BFK0005,優良產品B0005型,個,1,1809,應稅,1723,86,1809,,,,,,,,,,,Y,系統
HE38887910,1,2016/5/23,測試股份有限公司,53670957,BFK0005,優良產品B0005型,個,1,1810,應稅,1724,86,1810,,,,,,,,,,,Y,系統
HE38887911,1,2016/5/23,測試股份有限公司,53670957,BFK0005,優良產品B0005型,個,1,1811,應稅,1725,86,1811,,,,,,,,,,,Y,系統
HE38887912,1,2016/5/23,測試股份有限公司,53670957,BFK0005,優良產品B0005型,個,1,1812,應稅,1726,86,1812,,,,,,,,,,,Y,系統
HE38887913,1,2016/5/23,測試股份有限公司,53670957,BFK0005,優良產品B0005型,個,1,1813,應稅,1727,86,1813,,,,,,,,,,,Y,系統
HE38887914,1,2016/5/23,測試股份有限公司,53670957,BFK0005,優良產品B0005型,個,1,1814,應稅,1728,86,1814,,,,,,,,,,,Y,系統
HE38887915,1,2016/5/23,測試股份有限公司,53670957,BFK0005,優良產品B0005型,個,1,1815,應稅,1729,86,1815,,,,,,,,,,,Y,系統
HE38887916,1,2016/5/23,測試股份有限公司,53670957,BFK0005,優良產品B0005型,個,1,1816,應稅,1730,86,1816,,,,,,,,,,,Y,系統
HE38887917,1,2016/5/23,測試股份有限公司,53670957,BFK0005,優良產品B0005型,個,1,1817,應稅,1730,87,1817,,,,,,,,,,,Y,系統
HE38887918,1,2016/5/23,測試股份有限公司,53670957,BFK0005,優良產品B0005型,個,1,1818,應稅,1731,87,1818,,,,,,,,,,,Y,系統
HE38887919,1,2016/5/23,測試股份有限公司,53670957,BFK0005,優良產品B0005型,個,1,1819,應稅,1732,87,1819,,,,,,,,,,,Y,系統
HE38887920,1,2016/5/23,測試股份有限公司,53670957,BFK0005,優良產品B0005型,個,1,1820,應稅,1733,87,1820,,,,,,,,,,,Y,系統
HE38887921,1,2016/5/23,測試股份有限公司,53670957,BFK0005,優良產品B0005型,個,1,1821,應稅,1734,87,1821,,,,,,,,,,,Y,系統
HE38887922,1,2016/5/23,測試股份有限公司,53670957,BFK0005,優良產品B0005型,個,1,1822,應稅,1735,87,1822,,,,,,,,,,,Y,系統
HE38887923,1,2016/5/23,測試股份有限公司,53670957,BFK0005,優良產品B0005型,個,1,1823,應稅,1736,87,1823,,,,,,,,,,,Y,系統
HE38887924,1,2016/5/23,測試股份有限公司,53670957,BFK0005,優良產品B0005型,個,1,1824,應稅,1737,87,1824,,,,,,,,,,,Y,系統
HE38887925,1,2016/5/23,測試股份有限公司,53670957,BFK0005,優良產品B0005型,個,1,1825,應稅,1738,87,1825,,,,,,,,,,,Y,系統
HE38887926,1,2016/5/23,測試股份有限公司,53670957,BFK0005,優良產品B0005型,個,1,1826,應稅,1739,87,1826,,,,,,,,,,,Y,系統
HE38887927,1,2016/5/23,測試股份有限公司,53670957,BFK0005,優良產品B0005型,個,1,1827,應稅,1740,87,1827,,,,,,,,,,,Y,系統
HE38887928,1,2016/5/23,測試股份有限公司,53670957,BFK0005,優良產品B0005型,個,1,1828,應稅,1741,87,1828,,,,,,,,,,,Y,系統
HE38887929,1,2016/5/23,測試股份有限公司,53670957,BFK0005,優良產品B0005型,個,1,1829,應稅,1742,87,1829,,,,,,,,,,,Y,系統
HE38887930,1,2016/5/23,測試股份有限公司,53670957,BFK0005,優良產品B0005型,個,1,1830,應稅,1743,87,1830,,,,,,,,,,,Y,系統
HE38887931,1,2016/5/23,測試股份有限公司,53670957,BFK0005,優良產品B0005型,個,1,1831,應稅,1744,87,1831,,,,,,,,,,,Y,系統
HE38887932,1,2016/5/23,測試股份有限公司,53670957,BFK0005,優良產品B0005型,個,1,1832,應稅,1745,87,1832,,,,,,,,,,,Y,系統
HE38887933,1,2016/5/23,測試股份有限公司,53670957,BFK0005,優良產品B0005型,個,1,1833,應稅,1746,87,1833,,,,,,,,,,,Y,系統
HE38887934,1,2016/5/23,測試股份有限公司,53670957,BFK0005,優良產品B0005型,個,1,1834,應稅,1747,87,1834,,,,,,,,,,,Y,系統
HE38887935,1,2016/5/23,測試股份有限公司,53670957,BFK0005,優良產品B0005型,個,1,1835,應稅,1748,87,1835,,,,,,,,,,,Y,系統
HE38887936,1,2016/5/23,測試股份有限公司,53670957,BFK0005,優良產品B0005型,個,1,1836,應稅,1749,87,1836,,,,,,,,,,,Y,系統
HE38887937,1,2016/5/23,測試股份有限公司,53670957,BFK0005,優良產品B0005型,個,1,1837,應稅,1750,87,1837,,,,,,,,,,,Y,系統
HE38887938,1,2016/5/23,測試股份有限公司,53670957,BFK0005,優良產品B0005型,個,1,1838,應稅,1750,88,1838,,,,,,,,,,,Y,系統
HE38887939,1,2016/5/23,測試股份有限公司,53670957,BFK0005,優良產品B0005型,個,1,1839,應稅,1751,88,1839,,,,,,,,,,,Y,系統
HE38887940,1,2016/5/23,測試股份有限公司,53670957,BFK0005,優良產品B0005型,個,1,1840,應稅,1752,88,1840,,,,,,,,,,,Y,系統
HE38887941,1,2016/5/23,測試股份有限公司,53670957,BFK0005,優良產品B0005型,個,1,1841,應稅,1753,88,1841,,,,,,,,,,,Y,系統
HE38887942,1,2016/5/23,測試股份有限公司,53670957,BFK0005,優良產品B0005型,個,1,1842,應稅,1754,88,1842,,,,,,,,,,,Y,系統
HE38887943,1,2016/5/23,測試股份有限公司,53670957,BFK0005,優良產品B0005型,個,1,1843,應稅,1755,88,1843,,,,,,,,,,,Y,系統
HE38887944,1,2016/5/23,測試股份有限公司,53670957,BFK0005,優良產品B0005型,個,1,1844,應稅,1756,88,1844,,,,,,,,,,,Y,系統
HE38887945,1,2016/5/23,測試股份有限公司,53670957,BFK0005,優良產品B0005型,個,1,1845,應稅,1757,88,1845,,,,,,,,,,,Y,系統
HE38887946,1,2016/5/23,測試股份有限公司,53670957,BFK0005,優良產品B0005型,個,1,1846,應稅,1758,88,1846,,,,,,,,,,,Y,系統
HE38887947,1,2016/5/23,測試股份有限公司,53670957,BFK0005,優良產品B0005型,個,1,1847,應稅,1759,88,1847,,,,,,,,,,,Y,系統
HE38887948,1,2016/5/23,測試股份有限公司,53670957,BFK0005,優良產品B0005型,個,1,1848,應稅,1760,88,1848,,,,,,,,,,,Y,系統
HE38887949,1,2016/5/23,測試股份有限公司,53670957,BFK0005,優良產品B0005型,個,1,1849,應稅,1761,88,1849,,,,,,,,,,,Y,系統
HE38887950,1,2016/5/23,測試股份有限公司,53670957,BFK0005,優良產品B0005型,個,1,1850,應稅,1762,88,1850,,,,,,,,,,,Y,系統
HE38887951,1,2016/5/23,測試股份有限公司,53670957,BFK0005,優良產品B0005型,個,1,1851,應稅,1763,88,1851,,,,,,,,,,,Y,系統
HE38887952,1,2016/5/23,測試股份有限公司,53670957,BFK0005,優良產品B0005型,個,1,1852,應稅,1764,88,1852,,,,,,,,,,,Y,系統
HE38887953,1,2016/5/23,測試股份有限公司,53670957,BFK0005,優良產品B0005型,個,1,1853,應稅,1765,88,1853,,,,,,,,,,,Y,系統
HE38887954,1,2016/5/23,測試股份有限公司,53670957,BFK0005,優良產品B0005型,個,1,1854,應稅,1766,88,1854,,,,,,,,,,,Y,系統
HE38887955,1,2016/5/23,測試股份有限公司,53670957,BFK0005,優良產品B0005型,個,1,1855,應稅,1767,88,1855,,,,,,,,,,,Y,系統
HE38887956,1,2016/5/23,測試股份有限公司,53670957,BFK0005,優良產品B0005型,個,1,1856,應稅,1768,88,1856,,,,,,,,,,,Y,系統
HE38887957,1,2016/5/23,測試股份有限公司,53670957,BFK0005,優良產品B0005型,個,1,1857,應稅,1769,88,1857,,,,,,,,,,,Y,系統
HE38887958,1,2016/5/23,測試股份有限公司,53670957,BFK0005,優良產品B0005型,個,1,1858,應稅,1770,88,1858,,,,,,,,,,,Y,系統
HE38887959,1,2016/5/23,測試股份有限公司,53670957,BFK0005,優良產品B0005型,個,1,1859,應稅,1770,89,1859,,,,,,,,,,,Y,系統
HE38887960,1,2016/5/23,測試股份有限公司,53670957,BFK0005,優良產品B0005型,個,1,1860,應稅,1771,89,1860,,,,,,,,,,,Y,系統
HE38887961,1,2016/5/23,測試股份有限公司,53670957,BFK0005,優良產品B0005型,個,1,1861,應稅,1772,89,1861,,,,,,,,,,,Y,系統
HE38887962,1,2016/5/23,測試股份有限公司,53670957,BFK0005,優良產品B0005型,個,1,1862,應稅,1773,89,1862,,,,,,,,,,,Y,系統
HE38887963,1,2016/5/23,測試股份有限公司,53670957,BFK0005,優良產品B0005型,個,1,1863,應稅,1774,89,1863,,,,,,,,,,,Y,系統
HE38887964,1,2016/5/23,測試股份有限公司,53670957,BFK0005,優良產品B0005型,個,1,1864,應稅,1775,89,1864,,,,,,,,,,,Y,系統
HE38887965,1,2016/5/23,測試股份有限公司,53670957,BFK0005,優良產品B0005型,個,1,1865,應稅,1776,89,1865,,,,,,,,,,,Y,系統
HE38887966,1,2016/5/23,測試股份有限公司,53670957,BFK0005,優良產品B0005型,個,1,1866,應稅,1777,89,1866,,,,,,,,,,,Y,系統
HE38887967,1,2016/5/23,測試股份有限公司,53670957,BFK0005,優良產品B0005型,個,1,1867,應稅,1778,89,1867,,,,,,,,,,,Y,系統
HE38887968,1,2016/5/23,測試股份有限公司,53670957,BFK0005,優良產品B0005型,個,1,1868,應稅,1779,89,1868,,,,,,,,,,,Y,系統
HE38887969,1,2016/5/23,測試股份有限公司,53670957,BFK0005,優良產品B0005型,個,1,1869,應稅,1780,89,1869,,,,,,,,,,,Y,系統
HE38887970,1,2016/5/23,測試股份有限公司,53670957,BFK0005,優良產品B0005型,個,1,1870,應稅,1781,89,1870,,,,,,,,,,,Y,系統
HE38887971,1,2016/5/23,測試股份有限公司,53670957,BFK0005,優良產品B0005型,個,1,1871,應稅,1782,89,1871,,,,,,,,,,,Y,系統
HE38887972,1,2016/5/23,測試股份有限公司,53670957,BFK0005,優良產品B0005型,個,1,1872,應稅,1783,89,1872,,,,,,,,,,,Y,系統
HE38887973,1,2016/5/23,測試股份有限公司,53670957,BFK0005,優良產品B0005型,個,1,1873,應稅,1784,89,1873,,,,,,,,,,,Y,系統
HE38887974,1,2016/5/23,測試股份有限公司,53670957,BFK0005,優良產品B0005型,個,1,1874,應稅,1785,89,1874,,,,,,,,,,,Y,系統
HE38887975,1,2016/5/23,測試股份有限公司,53670957,BFK0005,優良產品B0005型,個,1,1875,應稅,1786,89,1875,,,,,,,,,,,Y,系統
HE38887976,1,2016/5/23,測試股份有限公司,53670957,BFK0005,優良產品B0005型,個,1,1876,應稅,1787,89,1876,,,,,,,,,,,Y,系統
HE38887977,1,2016/5/23,測試股份有限公司,53670957,BFK0005,優良產品B0005型,個,1,1877,應稅,1788,89,1877,,,,,,,,,,,Y,系統
HE38887978,1,2016/5/23,測試股份有限公司,53670957,BFK0005,優良產品B0005型,個,1,1878,應稅,1789,89,1878,,,,,,,,,,,Y,系統
HE38887979,1,2016/5/23,測試股份有限公司,53670957,BFK0005,優良產品B0005型,個,1,1879,應稅,1790,89,1879,,,,,,,,,,,Y,系統
HE38887980,1,2016/5/23,測試股份有限公司,53670957,BFK0005,優良產品B0005型,個,1,1880,應稅,1790,90,1880,,,,,,,,,,,Y,系統
HE38887981,1,2016/5/23,測試股份有限公司,53670957,BFK0005,優良產品B0005型,個,1,1881,應稅,1791,90,1881,,,,,,,,,,,Y,系統
HE38887982,1,2016/5/23,測試股份有限公司,53670957,BFK0005,優良產品B0005型,個,1,1882,應稅,1792,90,1882,,,,,,,,,,,Y,系統
HE38887983,1,2016/5/23,測試股份有限公司,53670957,BFK0005,優良產品B0005型,個,1,1883,應稅,1793,90,1883,,,,,,,,,,,Y,系統
HE38887984,1,2016/5/23,測試股份有限公司,53670957,BFK0005,優良產品B0005型,個,1,1884,應稅,1794,90,1884,,,,,,,,,,,Y,系統
HE38887985,1,2016/5/23,測試股份有限公司,53670957,BFK0005,優良產品B0005型,個,1,1885,應稅,1795,90,1885,,,,,,,,,,,Y,系統
HE38887986,1,2016/5/23,測試股份有限公司,53670957,BFK0005,優良產品B0005型,個,1,1886,應稅,1796,90,1886,,,,,,,,,,,Y,系統
HE38887987,1,2016/5/23,測試股份有限公司,53670957,BFK0005,優良產品B0005型,個,1,1887,應稅,1797,90,1887,,,,,,,,,,,Y,系統
HE38887988,1,2016/5/23,測試股份有限公司,53670957,BFK0005,優良產品B0005型,個,1,1888,應稅,1798,90,1888,,,,,,,,,,,Y,系統
HE38887989,1,2016/5/23,測試股份有限公司,53670957,BFK0005,優良產品B0005型,個,1,1889,應稅,1799,90,1889,,,,,,,,,,,Y,系統
HE38887990,1,2016/5/23,測試股份有限公司,53670957,BFK0005,優良產品B0005型,個,1,1890,應稅,1800,90,1890,,,,,,,,,,,Y,系統
HE38887991,1,2016/5/23,測試股份有限公司,53670957,BFK0005,優良產品B0005型,個,1,1891,應稅,1801,90,1891,,,,,,,,,,,Y,系統
HE38887992,1,2016/5/23,測試股份有限公司,53670957,BFK0005,優良產品B0005型,個,1,1892,應稅,1802,90,1892,,,,,,,,,,,Y,系統
HE38887993,1,2016/5/23,測試股份有限公司,53670957,BFK0005,優良產品B0005型,個,1,1893,應稅,1803,90,1893,,,,,,,,,,,Y,系統
HE38887994,1,2016/5/23,測試股份有限公司,53670957,BFK0005,優良產品B0005型,個,1,1894,應稅,1804,90,1894,,,,,,,,,,,Y,系統
HE38887995,1,2016/5/23,測試股份有限公司,53670957,BFK0005,優良產品B0005型,個,1,1895,應稅,1805,90,1895,,,,,,,,,,,Y,系統
HE38887996,1,2016/5/23,測試股份有限公司,53670957,BFK0005,優良產品B0005型,個,1,1896,應稅,1806,90,1896,,,,,,,,,,,Y,系統
HE38887997,1,2016/5/23,測試股份有限公司,53670957,BFK0005,優良產品B0005型,個,1,1897,應稅,1807,90,1897,,,,,,,,,,,Y,系統
HE38887998,1,2016/5/23,測試股份有限公司,53670957,BFK0005,優良產品B0005型,個,1,1898,應稅,1808,90,1898,,,,,,,,,,,Y,系統
HE38887999,1,2016/5/23,測試股份有限公司,53670957,BFK0005,優良產品B0005型,個,1,1899,應稅,1809,90,1899,,,,,,,,,,,Y,系統
HE38888000,1,2016/5/23,測試股份有限公司,53670957,BFK0005,優良產品B0005型,個,1,1900,應稅,1810,90,1900,,,,,,,,,,,Y,系統
HE38888001,1,2016/5/23,測試股份有限公司,53670957,BFK0005,優良產品B0005型,個,1,1901,應稅,1810,91,1901,,,,,,,,,,,Y,系統
HE38888002,1,2016/5/23,測試股份有限公司,53670957,BFK0005,優良產品B0005型,個,1,1902,應稅,1811,91,1902,,,,,,,,,,,Y,系統
HE38888003,1,2016/5/23,測試股份有限公司,53670957,BFK0005,優良產品B0005型,個,1,1903,應稅,1812,91,1903,,,,,,,,,,,Y,系統
HE38888004,1,2016/5/23,測試股份有限公司,53670957,BFK0005,優良產品B0005型,個,1,1904,應稅,1813,91,1904,,,,,,,,,,,Y,系統
HE38888005,1,2016/5/23,測試股份有限公司,53670957,BFK0005,優良產品B0005型,個,1,1905,應稅,1814,91,1905,,,,,,,,,,,Y,系統
HE38888006,1,2016/5/23,測試股份有限公司,53670957,BFK0005,優良產品B0005型,個,1,1906,應稅,1815,91,1906,,,,,,,,,,,Y,系統
HE38888007,1,2016/5/23,測試股份有限公司,53670957,BFK0005,優良產品B0005型,個,1,1907,應稅,1816,91,1907,,,,,,,,,,,Y,系統
HE38888008,1,2016/5/23,測試股份有限公司,53670957,BFK0005,優良產品B0005型,個,1,1908,應稅,1817,91,1908,,,,,,,,,,,Y,系統
HE38888009,1,2016/5/23,測試股份有限公司,53670957,BFK0005,優良產品B0005型,個,1,1909,應稅,1818,91,1909,,,,,,,,,,,Y,系統
HE38888010,1,2016/5/23,測試股份有限公司,53670957,BFK0005,優良產品B0005型,個,1,1910,應稅,1819,91,1910,,,,,,,,,,,Y,系統
HE38888011,1,2016/5/23,測試股份有限公司,53670957,BFK0005,優良產品B0005型,個,1,1911,應稅,1820,91,1911,,,,,,,,,,,Y,系統
HE38888012,1,2016/5/23,測試股份有限公司,53670957,BFK0005,優良產品B0005型,個,1,1912,應稅,1821,91,1912,,,,,,,,,,,Y,系統
HE38888013,1,2016/5/23,測試股份有限公司,53670957,BFK0005,優良產品B0005型,個,1,1913,應稅,1822,91,1913,,,,,,,,,,,Y,系統
HE38888014,1,2016/5/23,測試股份有限公司,53670957,BFK0005,優良產品B0005型,個,1,1914,應稅,1823,91,1914,,,,,,,,,,,Y,系統
HE38888015,1,2016/5/23,測試股份有限公司,53670957,BFK0005,優良產品B0005型,個,1,1915,應稅,1824,91,1915,,,,,,,,,,,Y,系統
HE38888016,1,2016/5/23,測試股份有限公司,53670957,BFK0005,優良產品B0005型,個,1,1916,應稅,1825,91,1916,,,,,,,,,,,Y,系統
HE38888017,1,2016/5/23,測試股份有限公司,53670957,BFK0005,優良產品B0005型,個,1,1917,應稅,1826,91,1917,,,,,,,,,,,Y,系統
HE38888018,1,2016/5/23,測試股份有限公司,53670957,BFK0005,優良產品B0005型,個,1,1918,應稅,1827,91,1918,,,,,,,,,,,Y,系統
HE38888019,1,2016/5/23,測試股份有限公司,53670957,BFK0005,優良產品B0005型,個,1,1919,應稅,1828,91,1919,,,,,,,,,,,Y,系統
HE38888020,1,2016/5/23,測試股份有限公司,53670957,BFK0005,優良產品B0005型,個,1,1920,應稅,1829,91,1920,,,,,,,,,,,Y,系統
HE38888021,1,2016/5/23,測試股份有限公司,53670957,BFK0005,優良產品B0005型,個,1,1921,應稅,1830,91,1921,,,,,,,,,,,Y,系統
HE38888022,1,2016/5/23,測試股份有限公司,53670957,BFK0005,優良產品B0005型,個,1,1922,應稅,1830,92,1922,,,,,,,,,,,Y,系統
HE38888023,1,2016/5/23,測試股份有限公司,53670957,BFK0005,優良產品B0005型,個,1,1923,應稅,1831,92,1923,,,,,,,,,,,Y,系統
HE38888024,1,2016/5/23,測試股份有限公司,53670957,BFK0005,優良產品B0005型,個,1,1924,應稅,1832,92,1924,,,,,,,,,,,Y,系統
HE38888025,1,2016/5/23,測試股份有限公司,53670957,BFK0005,優良產品B0005型,個,1,1925,應稅,1833,92,1925,,,,,,,,,,,Y,系統
HE38888026,1,2016/5/23,測試股份有限公司,53670957,BFK0005,優良產品B0005型,個,1,1926,應稅,1834,92,1926,,,,,,,,,,,Y,系統
HE38888027,1,2016/5/23,測試股份有限公司,53670957,BFK0005,優良產品B0005型,個,1,1927,應稅,1835,92,1927,,,,,,,,,,,Y,系統
HE38888028,1,2016/5/23,測試股份有限公司,53670957,BFK0005,優良產品B0005型,個,1,1928,應稅,1836,92,1928,,,,,,,,,,,Y,系統
HE38888029,1,2016/5/23,測試股份有限公司,53670957,BFK0005,優良產品B0005型,個,1,1929,應稅,1837,92,1929,,,,,,,,,,,Y,系統
HE38888030,1,2016/5/23,測試股份有限公司,53670957,BFK0005,優良產品B0005型,個,1,1930,應稅,1838,92,1930,,,,,,,,,,,Y,系統
HE38888031,1,2016/5/23,測試股份有限公司,53670957,BFK0005,優良產品B0005型,個,1,1931,應稅,1839,92,1931,,,,,,,,,,,Y,系統
HE38888032,1,2016/5/23,測試股份有限公司,53670957,BFK0005,優良產品B0005型,個,1,1932,應稅,1840,92,1932,,,,,,,,,,,Y,系統
HE38888033,1,2016/5/23,測試股份有限公司,53670957,BFK0005,優良產品B0005型,個,1,1933,應稅,1841,92,1933,,,,,,,,,,,Y,系統
HE38888034,1,2016/5/23,測試股份有限公司,53670957,BFK0005,優良產品B0005型,個,1,1934,應稅,1842,92,1934,,,,,,,,,,,Y,系統
HE38888035,1,2016/5/23,測試股份有限公司,53670957,BFK0005,優良產品B0005型,個,1,1935,應稅,1843,92,1935,,,,,,,,,,,Y,系統
HE38888036,1,2016/5/23,測試股份有限公司,53670957,BFK0005,優良產品B0005型,個,1,1936,應稅,1844,92,1936,,,,,,,,,,,Y,系統
HE38888037,1,2016/5/23,測試股份有限公司,53670957,BFK0005,優良產品B0005型,個,1,1937,應稅,1845,92,1937,,,,,,,,,,,Y,系統
HE38888038,1,2016/5/23,測試股份有限公司,53670957,BFK0005,優良產品B0005型,個,1,1938,應稅,1846,92,1938,,,,,,,,,,,Y,系統
HE38888039,1,2016/5/23,測試股份有限公司,53670957,BFK0005,優良產品B0005型,個,1,1939,應稅,1847,92,1939,,,,,,,,,,,Y,系統
HE38888040,1,2016/5/23,測試股份有限公司,53670957,BFK0005,優良產品B0005型,個,1,1940,應稅,1848,92,1940,,,,,,,,,,,Y,系統
HE38888041,1,2016/5/23,測試股份有限公司,53670957,BFK0005,優良產品B0005型,個,1,1941,應稅,1849,92,1941,,,,,,,,,,,Y,系統
HE38888042,1,2016/5/23,測試股份有限公司,53670957,BFK0005,優良產品B0005型,個,1,1942,應稅,1850,92,1942,,,,,,,,,,,Y,系統
HE38888043,1,2016/5/23,測試股份有限公司,53670957,BFK0005,優良產品B0005型,個,1,1943,應稅,1850,93,1943,,,,,,,,,,,Y,系統
HE38888044,1,2016/5/23,測試股份有限公司,53670957,BFK0005,優良產品B0005型,個,1,1944,應稅,1851,93,1944,,,,,,,,,,,Y,系統
HE38888045,1,2016/5/23,測試股份有限公司,53670957,BFK0005,優良產品B0005型,個,1,1945,應稅,1852,93,1945,,,,,,,,,,,Y,系統
HE38888046,1,2016/5/23,測試股份有限公司,53670957,BFK0005,優良產品B0005型,個,1,1946,應稅,1853,93,1946,,,,,,,,,,,Y,系統
HE38888047,1,2016/5/23,測試股份有限公司,53670957,BFK0005,優良產品B0005型,個,1,1947,應稅,1854,93,1947,,,,,,,,,,,Y,系統
HE38888048,1,2016/5/23,測試股份有限公司,53670957,BFK0005,優良產品B0005型,個,1,1948,應稅,1855,93,1948,,,,,,,,,,,Y,系統
HE38888049,1,2016/5/23,測試股份有限公司,53670957,BFK0005,優良產品B0005型,個,1,1949,應稅,1856,93,1949,,,,,,,,,,,Y,系統
HE38888050,1,2016/5/23,測試股份有限公司,53670957,BFK0005,優良產品B0005型,個,1,1950,應稅,1857,93,1950,,,,,,,,,,,Y,系統
HE38888051,1,2016/5/23,測試股份有限公司,53670957,BFK0005,優良產品B0005型,個,1,1951,應稅,1858,93,1951,,,,,,,,,,,Y,系統
HE38888052,1,2016/5/23,測試股份有限公司,53670957,BFK0005,優良產品B0005型,個,1,1952,應稅,1859,93,1952,,,,,,,,,,,Y,系統
HE38888053,1,2016/5/23,測試股份有限公司,53670957,BFK0005,優良產品B0005型,個,1,1953,應稅,1860,93,1953,,,,,,,,,,,Y,系統
HE38888054,1,2016/5/23,測試股份有限公司,53670957,BFK0005,優良產品B0005型,個,1,1954,應稅,1861,93,1954,,,,,,,,,,,Y,系統
HE38888055,1,2016/5/23,測試股份有限公司,53670957,BFK0005,優良產品B0005型,個,1,1955,應稅,1862,93,1955,,,,,,,,,,,Y,系統
HE38888056,1,2016/5/23,測試股份有限公司,53670957,BFK0005,優良產品B0005型,個,1,1956,應稅,1863,93,1956,,,,,,,,,,,Y,系統
HE38888057,1,2016/5/23,測試股份有限公司,53670957,BFK0005,優良產品B0005型,個,1,1957,應稅,1864,93,1957,,,,,,,,,,,Y,系統
HE38888058,1,2016/5/23,測試股份有限公司,53670957,BFK0005,優良產品B0005型,個,1,1958,應稅,1865,93,1958,,,,,,,,,,,Y,系統
HE38888059,1,2016/5/23,測試股份有限公司,53670957,BFK0005,優良產品B0005型,個,1,1959,應稅,1866,93,1959,,,,,,,,,,,Y,系統
HE38888060,1,2016/5/23,測試股份有限公司,53670957,BFK0005,優良產品B0005型,個,1,1960,應稅,1867,93,1960,,,,,,,,,,,Y,系統
HE38888061,1,2016/5/23,測試股份有限公司,53670957,BFK0005,優良產品B0005型,個,1,1961,應稅,1868,93,1961,,,,,,,,,,,Y,系統
HE38888062,1,2016/5/23,測試股份有限公司,53670957,BFK0005,優良產品B0005型,個,1,1962,應稅,1869,93,1962,,,,,,,,,,,Y,系統
HE38888063,1,2016/5/23,測試股份有限公司,53670957,BFK0005,優良產品B0005型,個,1,1963,應稅,1870,93,1963,,,,,,,,,,,Y,系統
HE38888064,1,2016/5/23,測試股份有限公司,53670957,BFK0005,優良產品B0005型,個,1,1964,應稅,1870,94,1964,,,,,,,,,,,Y,系統
HE38888065,1,2016/5/23,測試股份有限公司,53670957,BFK0005,優良產品B0005型,個,1,1965,應稅,1871,94,1965,,,,,,,,,,,Y,系統
HE38888066,1,2016/5/23,測試股份有限公司,53670957,BFK0005,優良產品B0005型,個,1,1966,應稅,1872,94,1966,,,,,,,,,,,Y,系統
HE38888067,1,2016/5/23,測試股份有限公司,53670957,BFK0005,優良產品B0005型,個,1,1967,應稅,1873,94,1967,,,,,,,,,,,Y,系統
HE38888068,1,2016/5/23,測試股份有限公司,53670957,BFK0005,優良產品B0005型,個,1,1968,應稅,1874,94,1968,,,,,,,,,,,Y,系統
HE38888069,1,2016/5/23,測試股份有限公司,53670957,BFK0005,優良產品B0005型,個,1,1969,應稅,1875,94,1969,,,,,,,,,,,Y,系統
HE38888070,1,2016/5/23,測試股份有限公司,53670957,BFK0005,優良產品B0005型,個,1,1970,應稅,1876,94,1970,,,,,,,,,,,Y,系統
HE38888071,1,2016/5/23,測試股份有限公司,53670957,BFK0005,優良產品B0005型,個,1,1971,應稅,1877,94,1971,,,,,,,,,,,Y,系統
HE38888072,1,2016/5/23,測試股份有限公司,53670957,BFK0005,優良產品B0005型,個,1,1972,應稅,1878,94,1972,,,,,,,,,,,Y,系統
HE38888073,1,2016/5/23,測試股份有限公司,53670957,BFK0005,優良產品B0005型,個,1,1973,應稅,1879,94,1973,,,,,,,,,,,Y,系統
HE38888074,1,2016/5/23,測試股份有限公司,53670957,BFK0005,優良產品B0005型,個,1,1974,應稅,1880,94,1974,,,,,,,,,,,Y,系統
HE38888075,1,2016/5/23,測試股份有限公司,53670957,BFK0005,優良產品B0005型,個,1,1975,應稅,1881,94,1975,,,,,,,,,,,Y,系統
HE38888076,1,2016/5/23,測試股份有限公司,53670957,BFK0005,優良產品B0005型,個,1,1976,應稅,1882,94,1976,,,,,,,,,,,Y,系統
HE38888077,1,2016/5/23,測試股份有限公司,53670957,BFK0005,優良產品B0005型,個,1,1977,應稅,1883,94,1977,,,,,,,,,,,Y,系統
HE38888078,1,2016/5/23,測試股份有限公司,53670957,BFK0005,優良產品B0005型,個,1,1978,應稅,1884,94,1978,,,,,,,,,,,Y,系統
HE38888079,1,2016/5/23,測試股份有限公司,53670957,BFK0005,優良產品B0005型,個,1,1979,應稅,1885,94,1979,,,,,,,,,,,Y,系統
HE38888080,1,2016/5/23,測試股份有限公司,53670957,BFK0005,優良產品B0005型,個,1,1980,應稅,1886,94,1980,,,,,,,,,,,Y,系統
HE38888081,1,2016/5/23,測試股份有限公司,53670957,BFK0005,優良產品B0005型,個,1,1981,應稅,1887,94,1981,,,,,,,,,,,Y,系統
HE38888082,1,2016/5/23,測試股份有限公司,53670957,BFK0005,優良產品B0005型,個,1,1982,應稅,1888,94,1982,,,,,,,,,,,Y,系統
HE38888083,1,2016/5/23,測試股份有限公司,53670957,BFK0005,優良產品B0005型,個,1,1983,應稅,1889,94,1983,,,,,,,,,,,Y,系統
HE38888084,1,2016/5/23,測試股份有限公司,53670957,BFK0005,優良產品B0005型,個,1,1984,應稅,1890,94,1984,,,,,,,,,,,Y,系統
HE38888085,1,2016/5/23,測試股份有限公司,53670957,BFK0005,優良產品B0005型,個,1,1985,應稅,1890,95,1985,,,,,,,,,,,Y,系統
HE38888086,1,2016/5/23,測試股份有限公司,53670957,BFK0005,優良產品B0005型,個,1,1986,應稅,1891,95,1986,,,,,,,,,,,Y,系統
HE38888087,1,2016/5/23,測試股份有限公司,53670957,BFK0005,優良產品B0005型,個,1,1987,應稅,1892,95,1987,,,,,,,,,,,Y,系統
HE38888088,1,2016/5/23,測試股份有限公司,53670957,BFK0005,優良產品B0005型,個,1,1988,應稅,1893,95,1988,,,,,,,,,,,Y,系統
HE38888089,1,2016/5/23,測試股份有限公司,53670957,BFK0005,優良產品B0005型,個,1,1989,應稅,1894,95,1989,,,,,,,,,,,Y,系統
HE38888090,1,2016/5/23,測試股份有限公司,53670957,BFK0005,優良產品B0005型,個,1,1990,應稅,1895,95,1990,,,,,,,,,,,Y,系統
HE38888091,1,2016/5/23,測試股份有限公司,53670957,BFK0005,優良產品B0005型,個,1,1991,應稅,1896,95,1991,,,,,,,,,,,Y,系統
HE38888092,1,2016/5/23,測試股份有限公司,53670957,BFK0005,優良產品B0005型,個,1,1992,應稅,1897,95,1992,,,,,,,,,,,Y,系統
HE38888093,1,2016/5/23,測試股份有限公司,53670957,BFK0005,優良產品B0005型,個,1,1993,應稅,1898,95,1993,,,,,,,,,,,Y,系統
HE38888094,1,2016/5/23,測試股份有限公司,53670957,BFK0005,優良產品B0005型,個,1,1994,應稅,1899,95,1994,,,,,,,,,,,Y,系統
HE38888095,1,2016/5/23,測試股份有限公司,53670957,BFK0005,優良產品B0005型,個,1,1995,應稅,1900,95,1995,,,,,,,,,,,Y,系統
HE38888096,1,2016/5/23,測試股份有限公司,53670957,BFK0005,優良產品B0005型,個,1,1996,應稅,1901,95,1996,,,,,,,,,,,Y,系統
HE38888097,1,2016/5/23,測試股份有限公司,53670957,BFK0005,優良產品B0005型,個,1,1997,應稅,1902,95,1997,,,,,,,,,,,Y,系統
HE38888098,1,2016/5/23,測試股份有限公司,53670957,BFK0005,優良產品B0005型,個,1,1998,應稅,1903,95,1998,,,,,,,,,,,Y,系統
HE38888099,1,2016/5/23,測試股份有限公司,53670957,BFK0005,優良產品B0005型,個,1,1999,應稅,1904,95,1999,,,,,,,,,,,Y,系統
